Configuration,Term,J,g,Prefix,Level (eV),Suffix,Uncertainty (eV),Lande,Leading percentages,Level ID,Reference
"=""2s2.2p""","=""2P*""","=""1/2""",2,"=""""","=""0.0000000000""","=""""","=""0.0000000000""","=""0.66576(6)""","=""  96         :     3  2p3                   2P*  ""","=""006002.000001""","=""L22145,L6720"""
"=""2s2.2p""","=""2P*""","=""3/2""",4,"=""""","=""0.007859989""","=""""","=""0.000000003""","=""1.33412(6)""","=""  96         :     3  2p3                   2P*  ""","=""006002.000002""","=""L22145,L6720"""
"=""2s.2p2""","=""4P""","=""1/2""",2,"=""""","=""5.33167""","=""""","=""0.00004""","=""(2.6704)""","=""  99                                             ""","=""006002.000003""","=""L22145,L15072"""
"=""2s.2p2""","=""4P""","=""3/2""",4,"=""""","=""5.33441""","=""""","=""0.00004""","=""(1.7349)""","=""  99                                             ""","=""006002.000004""","=""L22145,L15072"""
"=""2s.2p2""","=""4P""","=""5/2""",6,"=""""","=""5.33792""","=""""","=""0.00004""","=""(1.6013)""","=""  99                                             ""","=""006002.000005""","=""L22145,L15072"""
"=""2s.2p2""","=""2D""","=""5/2""",6,"=""""","=""9.2901455""","=""""","=""0.0000021""","=""(1.2004)""","=""  97                                             ""","=""006002.000006""","=""L22145,L15072"""
"=""2s.2p2""","=""2D""","=""3/2""",4,"=""""","=""9.290459""","=""""","=""0.000003""","=""(0.7995)""","=""  97                                             ""","=""006002.000007""","=""L22145,L15072"""
"=""2s.2p2""","=""2S""","=""1/2""",2,"=""""","=""11.963687""","=""""","=""0.000003""","=""(2.0022)""","=""  84         :    12  2s2.3s                2S   ""","=""006002.000008""","=""L22145,L15072"""
"=""2s.2p2""","=""2P""","=""1/2""",2,"=""""","=""13.715650""","=""""","=""0.000005""","=""(0.6659)""","=""  96         :     2  2p2.(3P).3s           2P   ""","=""006002.000009""","=""L22145,L15072"""
"=""2s.2p2""","=""2P""","=""3/2""",4,"=""""","=""13.720784""","=""""","=""0.000005""","=""(1.3340)""","=""  96         :     2  2p2.(3P).3s           2P   ""","=""006002.000010""","=""L22145,L15072"""
"=""2s2.3s""","=""2S""","=""1/2""",2,"=""""","=""14.4488269""","=""""","=""0.0000024""","=""(2.0023)""","=""  82         :    13  2s.2p2                2S   ""","=""006002.000011""","=""L22145,L15072"""
"=""2s2.3p""","=""2P*""","=""1/2""",2,"=""""","=""16.3317419""","=""""","=""0.0000024""","=""(0.6659)""","=""  93         :     5  2p2.(1S).3p           2P*  ""","=""006002.000012""","=""L22145,L15072"""
"=""2s2.3p""","=""2P*""","=""3/2""",4,"=""""","=""16.3331238""","=""""","=""0.0000024""","=""(1.3341)""","=""  93         :     5  2p2.(1S).3p           2P*  ""","=""006002.000013""","=""L22145,L15072"""
"=""2p3""","=""4S*""","=""3/2""",4,"=""""","=""17.60901""","=""""","=""0.00004""","=""(2.0022)""","="" 100                                             ""","=""006002.000014""","=""L22145,L15072"""
"=""2s2.3d""","=""2D""","=""3/2""",4,"=""""","=""18.045807""","=""""","=""0.000004""","=""(0.7995)""","=""  94         :     5  2p2.(1S).3d           2D   ""","=""006002.000015""","=""L22145,L15072"""
"=""2s2.3d""","=""2D""","=""5/2""",6,"=""""","=""18.045987""","=""""","=""0.000004""","=""(1.2004)""","=""  94         :     5  2p2.(1S).3d           2D   ""","=""006002.000016""","=""L22145,L15072"""
"=""2p3""","=""2D*""","=""5/2""",6,"=""""","=""18.654858""","=""""","=""0.000009""","=""(1.2004)""","=""  92         :     6  2s.2p.(3P*).3d        2D*  ""","=""006002.000017""","=""L22145,L15072"""
"=""2p3""","=""2D*""","=""3/2""",4,"=""""","=""18.655493""","=""""","=""0.000006""","=""(0.7995)""","=""  92         :     6  2s.2p.(3P*).3d        2D*  ""","=""006002.000018""","=""L22145,L15072"""
"=""2s2.4s""","=""2S""","=""1/2""",2,"=""""","=""19.494538""","=""""","=""0.000004""","=""(2.0023)""","=""  94         :     5  2p2.(1S).4s           2S   ""","=""006002.000019""","=""L22145,L15072"""
"=""2s2.4p""","=""2P*""","=""1/2""",2,"=""""","=""20.149652""","=""""","=""0.000005""","=""(0.6659)""","=""  90         :     5  2p2.(1S).4p           2P*  ""","=""006002.000020""","=""L22145,L15072"""
"=""2s2.4p""","=""2P*""","=""3/2""",4,"=""""","=""20.150477""","=""""","=""0.000004""","=""(1.3341)""","=""  90         :     5  2p2.(1S).4p           2P*  ""","=""006002.000021""","=""L22145,L15072"""
"=""2s.2p.(3P*).3s""","=""4P*""","=""1/2""",2,"=""""","=""20.701289""","=""""","=""0.000006""","=""(2.6704)""","=""  98                                             ""","=""006002.000022""","=""L22145,L15072"""
"=""2s.2p.(3P*).3s""","=""4P*""","=""3/2""",4,"=""""","=""20.704213""","=""""","=""0.000006""","=""(1.7349)""","=""  98                                             ""","=""006002.000023""","=""L22145,L15072"""
"=""2s.2p.(3P*).3s""","=""4P*""","=""5/2""",6,"=""""","=""20.709791""","=""""","=""0.000006""","=""(1.6013)""","=""  98                                             ""","=""006002.000024""","=""L22145,L15072"""
"=""2s2.4d""","=""2D""","=""3/2""",4,"=""""","=""20.844740""","=""""","=""0.000014""","=""""","=""  94         :     5  2p2.(1S).4d           2D   ""","=""006002.000025""","=""L22145"""
"=""2s2.4d""","=""2D""","=""5/2""",6,"=""""","=""20.844765""","=""""","=""0.000014""","=""""","=""  94         :     5  2p2.(1S).4d           2D   ""","=""006002.000026""","=""L22145"""
"=""2p3""","=""2P*""","=""1/2""",2,"=""""","=""20.919793""","=""""","=""0.000005""","=""(0.6658)""","=""  63         :    27  2s.2p.(3P*).3s        2P*  ""","=""006002.000027""","=""L22145,L15072"""
"=""2p3""","=""2P*""","=""3/2""",4,"=""""","=""20.922118""","=""""","=""0.000004""","=""(1.3340)""","=""  63         :    27  2s.2p.(3P*).3s        2P*  ""","=""006002.000028""","=""L22145,L15072"""
"=""2s2.4f""","=""2F*""","=""5/2""",6,"=""""","=""20.950632""","=""""","=""0.000006""","=""""","=""  94         :     6  2p2.(1S).4f           2F*  ""","=""006002.000029""","=""L22145"""
"=""2s2.4f""","=""2F*""","=""7/2""",8,"=""""","=""20.950654""","=""""","=""0.000005""","=""""","=""  94         :     6  2p2.(1S).4f           2F*  ""","=""006002.000030""","=""L22145"""
"=""2s2.5s""","=""2S""","=""1/2""",2,"=""""","=""21.492405""","=""""","=""0.000016""","=""""","=""  94         :     5  2p2.(1S).5s           2S   ""","=""006002.000031""","=""L22145"""
"=""2s2.5p""","=""2P*""","=""1/2""",2,"=""""","=""21.732863""","=""""","=""0.000005""","=""""","=""  49         :    26  2s.2p.(3P*).3s        2P*  ""","=""006002.000032""","=""L22145"""
"=""2s2.5p""","=""2P*""","=""3/2""",4,"=""""","=""21.733778""","=""""","=""0.000005""","=""""","=""  50         :    26  2s.2p.(3P*).3s        2P*  ""","=""006002.000033""","=""L22145"""
"=""2s.2p.(3P*).3s""","=""2P*""","=""1/2""",2,"=""""","=""22.041235""","=""""","=""0.000007""","=""""","=""  37         :    44  2s2.5p                2P*  ""","=""006002.000034""","=""L22145"""
"=""2s.2p.(3P*).3s""","=""2P*""","=""3/2""",4,"=""""","=""22.043587""","=""""","=""0.000006""","=""""","=""  37         :    44  2s2.5p                2P*  ""","=""006002.000035""","=""L22145"""
"=""2s2.5d""","=""2D""","=""3/2""",4,"=""""","=""22.130595""","=""""","=""0.000006""","=""""","=""  94         :     5  2p2.(1S).5d           2D   ""","=""006002.000036""","=""L22145"""
"=""2s2.5d""","=""2D""","=""5/2""",6,"=""""","=""22.130626""","=""""","=""0.000012""","=""""","=""  94         :     5  2p2.(1S).5d           2D   ""","=""006002.000037""","=""L22145"""
"=""2s2.5f""","=""2F*""","=""5/2""",6,"=""""","=""22.187763""","=""""","=""0.000012""","=""""","=""  94         :     6  2p2.(1S).5f           2F*  ""","=""006002.000038""","=""L22145"""
"=""2s2.5f""","=""2F*""","=""7/2""",8,"=""""","=""22.187773""","=""""","=""0.000012""","=""""","=""  94         :     6  2p2.(1S).5f           2F*  ""","=""006002.000039""","=""L22145"""
"=""2s2.5g""","=""2G""","=""7/2""",8,"=""""","=""22.202225""","=""""","=""0.000009""","=""""","=""  95         :     5  2p2.(1S).5g           2G   ""","=""006002.000040""","=""L22145"""
"=""2s2.5g""","=""2G""","=""9/2""",10,"=""""","=""22.202234""","=""""","=""0.000009""","=""""","=""  95         :     5  2p2.(1S).5g           2G   ""","=""006002.000041""","=""L22145"""
"=""2s2.6s""","=""2S""","=""1/2""",2,"=""""","=""22.473900""","=""""","=""0.000010""","=""""","=""  94         :     5  2p2.(1S).6s           2S   ""","=""006002.000042""","=""L22145"""
"=""2s.2p.(3P*).3p""","=""4D""","=""1/2""",2,"=""""","=""22.527518""","=""""","=""0.000006""","=""""","=""  91         :     8  2s.2p.(3P*).3p        2P   ""","=""006002.000043""","=""L22145"""
"=""2s.2p.(3P*).3p""","=""4D""","=""3/2""",4,"=""""","=""22.529299""","=""""","=""0.000006""","=""""","=""  95         :     4  2s.2p.(3P*).3p        2P   ""","=""006002.000044""","=""L22145"""
"=""2s.2p.(3P*).3p""","=""4D""","=""5/2""",6,"=""""","=""22.532400""","=""""","=""0.000006""","=""""","=""  99                                             ""","=""006002.000045""","=""L22145"""
"=""2s.2p.(3P*).3p""","=""4D""","=""7/2""",8,"=""""","=""22.536905""","=""""","=""0.000006""","=""""","=""  99                                             ""","=""006002.000046""","=""L22145"""
"=""2s.2p.(3P*).3p""","=""2P""","=""1/2""",2,"=""""","=""22.568086""","=""""","=""0.000005""","=""""","=""  88         :     8  2s.2p.(3P*).3p        4D   ""","=""006002.000047""","=""L22145"""
"=""2s.2p.(3P*).3p""","=""2P""","=""3/2""",4,"=""""","=""22.570504""","=""""","=""0.000004""","=""""","=""  93         :     4  2s.2p.(3P*).3p        4D   ""","=""006002.000048""","=""L22145"""
"=""2s2.6p""","=""2P*""","=""1/2""",2,"=""""","=""22.688229""","=""""","=""0.000022""","=""""","=""  92         :     5  2p2.(1S).6p           2P*  ""","=""006002.000049""","=""L22145"""
"=""2s2.6p""","=""2P*""","=""3/2""",4,"=""""","=""22.688255""","=""""","=""0.000019""","=""""","=""  92         :     5  2p2.(1S).6p           2P*  ""","=""006002.000050""","=""L22145"""
"=""2s2.6d""","=""2D""","=""3/2""",4,"=""""","=""22.822350""","=""""","=""0.000024""","=""""","=""  94         :     5  2p2.(1S).6d           2D   ""","=""006002.000051""","=""L22145"""
"=""2s2.6d""","=""2D""","=""5/2""",6,"=""""","=""22.822436""","=""""","=""0.000019""","=""""","=""  94         :     5  2p2.(1S).6d           2D   ""","=""006002.000052""","=""L22145"""
"=""2s2.6f""","=""2F*""","=""5/2""",6,"=""""","=""22.859729""","=""""","=""0.000015""","=""""","=""  94         :     6  2p2.(1S).6f           2F*  ""","=""006002.000053""","=""L22145"""
"=""2s2.6f""","=""2F*""","=""7/2""",8,"=""""","=""22.859734""","=""""","=""0.000015""","=""""","=""  94         :     6  2p2.(1S).6f           2F*  ""","=""006002.000054""","=""L22145"""
"=""2s2.6g""","=""2G""","=""7/2""",8,"=""""","=""22.868823""","=""""","=""0.000014""","=""""","=""  95         :     5  2p2.(1S).6g           2G   ""","=""006002.000055""","=""L22145"""
"=""2s2.6g""","=""2G""","=""9/2""",10,"=""""","=""22.868828""","=""""","=""0.000014""","=""""","=""  95         :     5  2p2.(1S).6g           2G   ""","=""006002.000056""","=""L22145"""
"=""2s2.6h""","=""2H*""","=""9/2""",10,"=""[""","=""22.870635""","=""]""","=""0.000017""","=""""","=""  94         :     6  2p2.(1S).6h           2H*  ""","=""006002.000057""","=""L22145"""
"=""2s2.6h""","=""2H*""","=""11/2""",12,"=""[""","=""22.870635""","=""]""","=""0.000017""","=""""","=""  94         :     6  2p2.(1S).6h           2H*  ""","=""006002.000058""","=""L22145"""
"=""2s.2p.(3P*).3p""","=""4S""","=""3/2""",4,"=""""","=""22.898766""","=""""","=""0.000006""","=""""","="" 100                                             ""","=""006002.000059""","=""L22145"""
"=""2s2.7s""","=""2S""","=""1/2""",2,"=""""","=""23.027948""","=""""","=""0.000020""","=""""","=""  94         :     5  2p2.(1S).7s           2S   ""","=""006002.000060""","=""L22145"""
"=""2s.2p.(3P*).3p""","=""4P""","=""1/2""",2,"=""""","=""23.114048""","=""""","=""0.000006""","=""""","="" 100                                             ""","=""006002.000061""","=""L22145"""
"=""2s.2p.(3P*).3p""","=""4P""","=""3/2""",4,"=""""","=""23.116074""","=""""","=""0.000006""","=""""","="" 100                                             ""","=""006002.000062""","=""L22145"""
"=""2s.2p.(3P*).3p""","=""4P""","=""5/2""",6,"=""""","=""23.118841""","=""""","=""0.000006""","=""""","="" 100                                             ""","=""006002.000063""","=""L22145"""
"=""2s2.7p""","=""2P*""","=""1/2""",2,"=""""","=""23.15347""","=""""","=""0.00006""","=""""","=""  94         :     6  2p2.(1S).7p           2P*  ""","=""006002.000064""","=""L22145"""
"=""2s2.7p""","=""2P*""","=""3/2""",4,"=""""","=""23.15359""","=""""","=""0.00003""","=""""","=""  94         :     6  2p2.(1S).7p           2P*  ""","=""006002.000065""","=""L22145"""
"=""2s2.7d""","=""2D""","=""3/2""",4,"=""""","=""23.22886""","=""""","=""0.00005""","=""""","=""  88         :     6  2s.2p.(3P*).3p        2D   ""","=""006002.000066""","=""L22145"""
"=""2s2.7d""","=""2D""","=""5/2""",6,"=""""","=""23.22886""","=""""","=""0.00005""","=""""","=""  89         :     6  2s.2p.(3P*).3p        2D   ""","=""006002.000067""","=""L22145"""
"=""2s2.7f""","=""2F*""","=""5/2""",6,"=""""","=""23.264628""","=""""","=""0.000022""","=""""","=""  94         :     6  2p2.(1S).7f           2F*  ""","=""006002.000068""","=""L22145"""
"=""2s2.7f""","=""2F*""","=""7/2""",8,"=""""","=""23.264631""","=""""","=""0.000022""","=""""","=""  94         :     6  2p2.(1S).7f           2F*  ""","=""006002.000069""","=""L22145"""
"=""2s2.7g""","=""2G""","=""7/2""",8,"=""""","=""23.270759""","=""""","=""0.000016""","=""""","=""  95         :     5  2p2.(1S).7g           2G   ""","=""006002.000070""","=""L22145"""
"=""2s2.7g""","=""2G""","=""9/2""",10,"=""""","=""23.270763""","=""""","=""0.000016""","=""""","=""  95         :     5  2p2.(1S).7g           2G   ""","=""006002.000071""","=""L22145"""
"=""2s2.7h""","=""2H*""","=""9/2""",10,"=""[""","=""23.271946""","=""]""","=""0.000015""","=""""","=""  94         :     6  2p2.(1S).7h           2H*  ""","=""006002.000072""","=""L22145"""
"=""2s2.7h""","=""2H*""","=""11/2""",12,"=""[""","=""23.271946""","=""]""","=""0.000015""","=""""","=""  94         :     6  2p2.(1S).7h           2H*  ""","=""006002.000073""","=""L22145"""
"=""2s2.7i""","=""2I""","=""11/2""",12,"=""[""","=""23.272303""","=""]""","=""0.000014""","=""""","=""  94         :     6  2p2.(1S).7i           2I   ""","=""006002.000398""","=""L22145"""
"=""2s2.7i""","=""2I""","=""13/2""",14,"=""[""","=""23.272303""","=""]""","=""0.000014""","=""""","=""  94         :     6  2p2.(1S).7i           2I   ""","=""006002.000399""","=""L22145"""
"=""2s2.8s""","=""2S""","=""1/2""",2,"=""[""","=""23.37158""","=""]""","=""0.00003""","=""""","=""  94         :     5  2p2.(1S).8s           2S   ""","=""006002.000432""","=""L22145"""
"=""2s.2p.(3P*).3p""","=""2D""","=""3/2""",4,"=""""","=""23.381096""","=""""","=""0.000006""","=""""","=""  79         :    10  2s2.8d                2D   ""","=""006002.000074""","=""L22145"""
"=""2s.2p.(3P*).3p""","=""2D""","=""5/2""",6,"=""""","=""23.385281""","=""""","=""0.000010""","=""""","=""  78         :    11  2s2.8d                2D   ""","=""006002.000075""","=""L22145"""
"=""2s2.8f""","=""2F*""","=""5/2""",6,"=""""","=""23.527470""","=""""","=""0.000011""","=""""","=""  94         :     6  2p2.(1S).8f           2F*  ""","=""006002.000208""","=""L22145"""
"=""2s2.8f""","=""2F*""","=""7/2""",8,"=""""","=""23.527471""","=""""","=""0.000011""","=""""","=""  94         :     6  2p2.(1S).8f           2F*  ""","=""006002.000209""","=""L22145"""
"=""2s2.8g""","=""2G""","=""7/2""",8,"=""""","=""23.531602""","=""""","=""0.000012""","=""""","=""  95         :     5  2p2.(1S).8g           2G   ""","=""006002.000076""","=""L22145"""
"=""2s2.8g""","=""2G""","=""9/2""",10,"=""""","=""23.531603""","=""""","=""0.000012""","=""""","=""  95         :     5  2p2.(1S).8g           2G   ""","=""006002.000077""","=""L22145"""
"=""2s2.8h""","=""2H*""","=""9/2""",10,"=""""","=""23.532439""","=""""","=""0.000009""","=""""","=""  94         :     6  2p2.(1S).8h           2H*  ""","=""006002.000210""","=""L22145"""
"=""2s2.8h""","=""2H*""","=""11/2""",12,"=""""","=""23.532440""","=""""","=""0.000009""","=""""","=""  94         :     6  2p2.(1S).8h           2H*  ""","=""006002.000211""","=""L22145"""
"=""2s2.8i""","=""2I""","=""11/2""",12,"=""[""","=""23.532663""","=""]""","=""0.000014""","=""""","=""  94         :     6  2p2.(1S).8i           2I   ""","=""006002.000400""","=""L22145"""
"=""2s2.8i""","=""2I""","=""13/2""",14,"=""[""","=""23.532663""","=""]""","=""0.000014""","=""""","=""  94         :     6  2p2.(1S).8i           2I   ""","=""006002.000401""","=""L22145"""
"=""2s2.8k""","=""2K*""","=""13/2""",14,"=""[""","=""23.532754""","=""]""","=""0.000012""","=""""","=""  94         :     6  2p2.(1S).8k           2K*  ""","=""006002.000416""","=""L22145"""
"=""2s2.8k""","=""2K*""","=""15/2""",16,"=""[""","=""23.532754""","=""]""","=""0.000012""","=""""","=""  94         :     6  2p2.(1S).8k           2K*  ""","=""006002.000417""","=""L22145"""
"=""2s2.8d""","=""2D""","=""3/2""",4,"=""""","=""23.5332""","=""""","=""0.0022""","=""""","=""  84         :     9  2s.2p.(3P*).3p        2D   ""","=""006002.000258""","=""L22145"""
"=""2s2.8d""","=""2D""","=""5/2""",6,"=""""","=""23.5337""","=""""","=""0.0022""","=""""","=""  84         :    10  2s.2p.(3P*).3p        2D   ""","=""006002.000259""","=""L22145"""
"=""2s2.9s""","=""2S""","=""1/2""",2,"=""[""","=""23.59933""","=""]""","=""0.00004""","=""""","=""  94         :     5  2p2.(1S).9s           2S   ""","=""006002.000433""","=""L22145"""
"=""2s2.9d""","=""2D""","=""3/2""",4,"=""""","=""23.7070""","=""""","=""0.0023""","=""""","=""  93         :     5  2p2.(1S).9d           2D   ""","=""006002.000260""","=""L22145"""
"=""2s2.9d""","=""2D""","=""5/2""",6,"=""""","=""23.7071""","=""""","=""0.0023""","=""""","=""  93         :     5  2p2.(1S).9d           2D   ""","=""006002.000261""","=""L22145"""
"=""2s2.9f""","=""2F*""","=""5/2""",6,"=""""","=""23.707425""","=""""","=""0.000021""","=""""","=""  94         :     6  2p2.(1S).9f           2F*  ""","=""006002.000212""","=""L22145"""
"=""2s2.9f""","=""2F*""","=""7/2""",8,"=""""","=""23.707426""","=""""","=""0.000021""","=""""","=""  94         :     6  2p2.(1S).9f           2F*  ""","=""006002.000213""","=""L22145"""
"=""2s2.9g""","=""2G""","=""7/2""",8,"=""""","=""23.710396""","=""""","=""0.000012""","=""""","=""  95         :     5  2p2.(1S).9g           2G   ""","=""006002.000214""","=""L22145"""
"=""2s2.9g""","=""2G""","=""9/2""",10,"=""""","=""23.710397""","=""""","=""0.000012""","=""""","=""  95         :     5  2p2.(1S).9g           2G   ""","=""006002.000215""","=""L22145"""
"=""2s2.9h""","=""2H*""","=""9/2""",10,"=""[""","=""23.710987""","=""]""","=""0.000012""","=""""","=""  94         :     6  2p2.(1S).9h           2H*  ""","=""006002.000216""","=""L22145"""
"=""2s2.9h""","=""2H*""","=""11/2""",12,"=""[""","=""23.710987""","=""]""","=""0.000012""","=""""","=""  94         :     6  2p2.(1S).9h           2H*  ""","=""006002.000217""","=""L22145"""
"=""2s2.9i""","=""2I""","=""11/2""",12,"=""[""","=""23.711166""","=""]""","=""0.000014""","=""""","=""  94         :     6  2p2.(1S).9i           2I   ""","=""006002.000402""","=""L22145"""
"=""2s2.9i""","=""2I""","=""13/2""",14,"=""[""","=""23.711166""","=""]""","=""0.000014""","=""""","=""  94         :     6  2p2.(1S).9i           2I   ""","=""006002.000403""","=""L22145"""
"=""2s2.9k""","=""2K*""","=""13/2""",14,"=""[""","=""23.711233""","=""]""","=""0.000012""","=""""","=""  94         :     6  2p2.(1S).9k           2K*  ""","=""006002.000418""","=""L22145"""
"=""2s2.9k""","=""2K*""","=""15/2""",16,"=""[""","=""23.711233""","=""]""","=""0.000012""","=""""","=""  94         :     6  2p2.(1S).9k           2K*  ""","=""006002.000419""","=""L22145"""
"=""2s2.10d""","=""2D""","=""3/2""",4,"=""""","=""23.8341""","=""""","=""0.0023""","=""""","=""  94         :     5  2p2.(1S).10d          2D   ""","=""006002.000262""","=""L22145"""
"=""2s2.10d""","=""2D""","=""5/2""",6,"=""""","=""23.8342""","=""""","=""0.0023""","=""""","=""  94         :     5  2p2.(1S).10d          2D   ""","=""006002.000263""","=""L22145"""
"=""2s2.10f""","=""2F*""","=""5/2""",6,"=""[""","=""23.836096""","=""]""","=""0.000016""","=""""","=""  94         :     6  2p2.(1S).10f          2F*  ""","=""006002.000382""","=""L22145"""
"=""2s2.10f""","=""2F*""","=""7/2""",8,"=""[""","=""23.836096""","=""]""","=""0.000016""","=""""","=""  94         :     6  2p2.(1S).10f          2F*  ""","=""006002.000383""","=""L22145"""
"=""2s2.10g""","=""2G""","=""7/2""",8,"=""""","=""23.838287""","=""""","=""0.000012""","=""""","=""  95         :     5  2p2.(1S).10g          2G   ""","=""006002.000218""","=""L22145"""
"=""2s2.10g""","=""2G""","=""9/2""",10,"=""""","=""23.838288""","=""""","=""0.000012""","=""""","=""  95         :     5  2p2.(1S).10g          2G   ""","=""006002.000219""","=""L22145"""
"=""2s2.10h""","=""2H*""","=""9/2""",10,"=""""","=""23.838734""","=""""","=""0.000010""","=""""","=""  94         :     6  2p2.(1S).10h          2H*  ""","=""006002.000220""","=""L22145"""
"=""2s2.10h""","=""2H*""","=""11/2""",12,"=""""","=""23.838736""","=""""","=""0.000010""","=""""","=""  94         :     6  2p2.(1S).10h          2H*  ""","=""006002.000221""","=""L22145"""
"=""2s2.10i""","=""2I""","=""11/2""",12,"=""[""","=""23.838849""","=""]""","=""0.000012""","=""""","=""  94         :     6  2p2.(1S).10i          2I   ""","=""006002.000404""","=""L22145"""
"=""2s2.10i""","=""2I""","=""13/2""",14,"=""[""","=""23.838849""","=""]""","=""0.000012""","=""""","=""  94         :     6  2p2.(1S).10i          2I   ""","=""006002.000405""","=""L22145"""
"=""2s2.10k""","=""2K*""","=""13/2""",14,"=""[""","=""23.838898""","=""]""","=""0.000012""","=""""","=""  94         :     6  2p2.(1S).10k          2K*  ""","=""006002.000420""","=""L22145"""
"=""2s2.10k""","=""2K*""","=""15/2""",16,"=""[""","=""23.838898""","=""]""","=""0.000012""","=""""","=""  94         :     6  2p2.(1S).10k          2K*  ""","=""006002.000421""","=""L22145"""
"=""2s2.11d""","=""2D""","=""3/2""",4,"=""""","=""23.9284""","=""""","=""0.0023""","=""""","=""  94         :     5  2p2.(1S).11d          2D   ""","=""006002.000264""","=""L22145"""
"=""2s2.11d""","=""2D""","=""5/2""",6,"=""""","=""23.9284""","=""""","=""0.0023""","=""""","=""  94         :     5  2p2.(1S).11d          2D   ""","=""006002.000265""","=""L22145"""
"=""2s2.11f""","=""2F*""","=""5/2""",6,"=""""","=""23.93119""","=""""","=""0.00003""","=""""","=""  94         :     6  2p2.(1S).11f          2F*  ""","=""006002.000230""","=""L22145"""
"=""2s2.11f""","=""2F*""","=""7/2""",8,"=""""","=""23.93119""","=""""","=""0.00003""","=""""","=""  94         :     6  2p2.(1S).11f          2F*  ""","=""006002.000231""","=""L22145"""
"=""2s2.11g""","=""2G""","=""7/2""",8,"=""""","=""23.932878""","=""""","=""0.000017""","=""""","=""  95         :     5  2p2.(1S).11g          2G   ""","=""006002.000240""","=""L22145"""
"=""2s2.11g""","=""2G""","=""9/2""",10,"=""""","=""23.932879""","=""""","=""0.000017""","=""""","=""  95         :     5  2p2.(1S).11g          2G   ""","=""006002.000239""","=""L22145"""
"=""2s2.11h""","=""2H*""","=""9/2""",10,"=""[""","=""23.933217""","=""]""","=""0.000012""","=""""","=""  94         :     6  2p2.(1S).11h          2H*  ""","=""006002.000254""","=""L22145"""
"=""2s2.11h""","=""2H*""","=""11/2""",12,"=""[""","=""23.933217""","=""]""","=""0.000012""","=""""","=""  94         :     6  2p2.(1S).11h          2H*  ""","=""006002.000256""","=""L22145"""
"=""2s2.11i""","=""2I""","=""11/2""",12,"=""[""","=""23.933317""","=""]""","=""0.000012""","=""""","=""  94         :     6  2p2.(1S).11i          2I   ""","=""006002.000406""","=""L22145"""
"=""2s2.11i""","=""2I""","=""13/2""",14,"=""[""","=""23.933317""","=""]""","=""0.000012""","=""""","=""  94         :     6  2p2.(1S).11i          2I   ""","=""006002.000407""","=""L22145"""
"=""2s2.11k""","=""2K*""","=""13/2""",14,"=""[""","=""23.933355""","=""]""","=""0.000012""","=""""","=""  94         :     6  2p2.(1S).11k          2K*  ""","=""006002.000422""","=""L22145"""
"=""2s2.11k""","=""2K*""","=""15/2""",16,"=""[""","=""23.933355""","=""]""","=""0.000012""","=""""","=""  94         :     6  2p2.(1S).11k          2K*  ""","=""006002.000423""","=""L22145"""
"=""2s2.12d""","=""2D""","=""3/2""",4,"=""""","=""24.0029""","=""""","=""0.0016""","=""""","=""  94         :     5  2p2.(1S).12d          2D   ""","=""006002.000266""","=""L22145"""
"=""2s2.12d""","=""2D""","=""5/2""",6,"=""""","=""24.0029""","=""""","=""0.0016""","=""""","=""  94         :     5  2p2.(1S).12d          2D   ""","=""006002.000267""","=""L22145"""
"=""2s2.12f""","=""2F*""","=""5/2""",6,"=""""","=""24.00349""","=""""","=""0.00008""","=""""","=""  94         :     6  2p2.(1S).12f          2F*  ""","=""006002.000222""","=""L22145"""
"=""2s2.12f""","=""2F*""","=""7/2""",8,"=""""","=""24.00349""","=""""","=""0.00008""","=""""","=""  94         :     6  2p2.(1S).12f          2F*  ""","=""006002.000223""","=""L22145"""
"=""2s2.12g""","=""2G""","=""7/2""",8,"=""""","=""24.004847""","=""""","=""0.000017""","=""""","=""  95         :     5  2p2.(1S).12g          2G   ""","=""006002.000246""","=""L22145"""
"=""2s2.12g""","=""2G""","=""9/2""",10,"=""""","=""24.004847""","=""""","=""0.000017""","=""""","=""  95         :     5  2p2.(1S).12g          2G   ""","=""006002.000245""","=""L22145"""
"=""2s2.12h""","=""2H*""","=""9/2""",10,"=""[""","=""24.005090""","=""]""","=""0.000012""","=""""","=""  94         :     6  2p2.(1S).12h          2H*  ""","=""006002.000390""","=""L22145"""
"=""2s2.12h""","=""2H*""","=""11/2""",12,"=""[""","=""24.005090""","=""]""","=""0.000012""","=""""","=""  94         :     6  2p2.(1S).12h          2H*  ""","=""006002.000391""","=""L22145"""
"=""2s2.12i""","=""2I""","=""11/2""",12,"=""[""","=""24.005168""","=""]""","=""0.000012""","=""""","=""  94         :     6  2p2.(1S).12i          2I   ""","=""006002.000408""","=""L22145"""
"=""2s2.12i""","=""2I""","=""13/2""",14,"=""[""","=""24.005168""","=""]""","=""0.000012""","=""""","=""  94         :     6  2p2.(1S).12i          2I   ""","=""006002.000409""","=""L22145"""
"=""2s2.12k""","=""2K*""","=""13/2""",14,"=""[""","=""24.005198""","=""]""","=""0.000012""","=""""","=""  94         :     6  2p2.(1S).12k          2K*  ""","=""006002.000424""","=""L22145"""
"=""2s2.12k""","=""2K*""","=""15/2""",16,"=""[""","=""24.005198""","=""]""","=""0.000012""","=""""","=""  94         :     6  2p2.(1S).12k          2K*  ""","=""006002.000425""","=""L22145"""
"=""2s2.13f""","=""2F*""","=""5/2""",6,"=""[""","=""24.059804""","=""]""","=""0.000014""","=""""","=""  94         :     6  2p2.(1S).13f          2F*  ""","=""006002.000233""","=""L22145"""
"=""2s2.13f""","=""2F*""","=""7/2""",8,"=""[""","=""24.059804""","=""]""","=""0.000014""","=""""","=""  94         :     6  2p2.(1S).13f          2F*  ""","=""006002.000234""","=""L22145"""
"=""2s2.13g""","=""2G""","=""7/2""",8,"=""[""","=""24.060822""","=""]""","=""0.000009""","=""""","=""  95         :     5  2p2.(1S).13g          2G   ""","=""006002.000386""","=""L22145"""
"=""2s2.13g""","=""2G""","=""9/2""",10,"=""[""","=""24.060822""","=""]""","=""0.000009""","=""""","=""  95         :     5  2p2.(1S).13g          2G   ""","=""006002.000387""","=""L22145"""
"=""2s2.13h""","=""2H*""","=""9/2""",10,"=""[""","=""24.061022""","=""]""","=""0.000012""","=""""","=""  94         :     6  2p2.(1S).13h          2H*  ""","=""006002.000392""","=""L22145"""
"=""2s2.13h""","=""2H*""","=""11/2""",12,"=""[""","=""24.061022""","=""]""","=""0.000012""","=""""","=""  94         :     6  2p2.(1S).13h          2H*  ""","=""006002.000393""","=""L22145"""
"=""2s2.13i""","=""2I""","=""11/2""",12,"=""[""","=""24.061085""","=""]""","=""0.000012""","=""""","=""  94         :     6  2p2.(1S).13i          2I   ""","=""006002.000410""","=""L22145"""
"=""2s2.13i""","=""2I""","=""13/2""",14,"=""[""","=""24.061085""","=""]""","=""0.000012""","=""""","=""  94         :     6  2p2.(1S).13i          2I   ""","=""006002.000411""","=""L22145"""
"=""2s2.13k""","=""2K*""","=""13/2""",14,"=""[""","=""24.061109""","=""]""","=""0.000012""","=""""","=""  94         :     6  2p2.(1S).13k          2K*  ""","=""006002.000426""","=""L22145"""
"=""2s2.13k""","=""2K*""","=""15/2""",16,"=""[""","=""24.061109""","=""]""","=""0.000012""","=""""","=""  94         :     6  2p2.(1S).13k          2K*  ""","=""006002.000427""","=""L22145"""
"=""2s2.14f""","=""2F*""","=""5/2""",6,"=""""","=""24.10424""","=""""","=""0.00008""","=""""","=""  94         :     6  2p2.(1S).14f          2F*  ""","=""006002.000236""","=""L22145"""
"=""2s2.14f""","=""2F*""","=""7/2""",8,"=""""","=""24.10424""","=""""","=""0.00008""","=""""","=""  94         :     6  2p2.(1S).14f          2F*  ""","=""006002.000237""","=""L22145"""
"=""2s2.14g""","=""2G""","=""7/2""",8,"=""""","=""24.10527""","=""""","=""0.00003""","=""""","=""  95         :     5  2p2.(1S).14g          2G   ""","=""006002.000252""","=""L22145"""
"=""2s2.14g""","=""2G""","=""9/2""",10,"=""""","=""24.10527""","=""""","=""0.00003""","=""""","=""  95         :     5  2p2.(1S).14g          2G   ""","=""006002.000229""","=""L22145"""
"=""2s2.14h""","=""2H*""","=""9/2""",10,"=""[""","=""24.105402""","=""]""","=""0.000012""","=""""","=""  94         :     6  2p2.(1S).14h          2H*  ""","=""006002.000394""","=""L22145"""
"=""2s2.14h""","=""2H*""","=""11/2""",12,"=""[""","=""24.105402""","=""]""","=""0.000012""","=""""","=""  94         :     6  2p2.(1S).14h          2H*  ""","=""006002.000395""","=""L22145"""
"=""2s2.14i""","=""2I""","=""11/2""",12,"=""[""","=""24.105452""","=""]""","=""0.000012""","=""""","=""  94         :     6  2p2.(1S).14i          2I   ""","=""006002.000412""","=""L22145"""
"=""2s2.14i""","=""2I""","=""13/2""",14,"=""[""","=""24.105452""","=""]""","=""0.000012""","=""""","=""  94         :     6  2p2.(1S).14i          2I   ""","=""006002.000413""","=""L22145"""
"=""2s2.14k""","=""2K*""","=""13/2""",14,"=""[""","=""24.105472""","=""]""","=""0.000012""","=""""","=""  94         :     6  2p2.(1S).14k          2K*  ""","=""006002.000428""","=""L22145"""
"=""2s2.14k""","=""2K*""","=""15/2""",16,"=""[""","=""24.105472""","=""]""","=""0.000012""","=""""","=""  94         :     6  2p2.(1S).14k          2K*  ""","=""006002.000429""","=""L22145"""
"=""2s2.15d""","=""2D""","=""3/2""",4,"=""""","=""24.1323""","=""""","=""0.0023""","=""""","=""  94         :     5  2p2.(1S).15d          2D   ""","=""006002.000268""","=""L22145"""
"=""2s2.15d""","=""2D""","=""5/2""",6,"=""""","=""24.1323""","=""""","=""0.0023""","=""""","=""  94         :     5  2p2.(1S).15d          2D   ""","=""006002.000269""","=""L22145"""
"=""2s2.15f""","=""2F*""","=""5/2""",6,"=""[""","=""24.140407""","=""]""","=""0.000014""","=""""","=""  94         :     6  2p2.(1S).15f          2F*  ""","=""006002.000384""","=""L22145"""
"=""2s2.15f""","=""2F*""","=""7/2""",8,"=""[""","=""24.140407""","=""]""","=""0.000014""","=""""","=""  94         :     6  2p2.(1S).15f          2F*  ""","=""006002.000385""","=""L22145"""
"=""2s2.15g""","=""2G""","=""7/2""",8,"=""[""","=""24.141072""","=""]""","=""0.000010""","=""""","=""  95         :     5  2p2.(1S).15g          2G   ""","=""006002.000388""","=""L22145"""
"=""2s2.15g""","=""2G""","=""9/2""",10,"=""[""","=""24.141072""","=""]""","=""0.000010""","=""""","=""  95         :     5  2p2.(1S).15g          2G   ""","=""006002.000389""","=""L22145"""
"=""2s2.15h""","=""2H*""","=""9/2""",10,"=""[""","=""24.141204""","=""]""","=""0.000012""","=""""","=""  94         :     6  2p2.(1S).15h          2H*  ""","=""006002.000396""","=""L22145"""
"=""2s2.15h""","=""2H*""","=""11/2""",12,"=""[""","=""24.141204""","=""]""","=""0.000012""","=""""","=""  94         :     6  2p2.(1S).15h          2H*  ""","=""006002.000397""","=""L22145"""
"=""2s2.15i""","=""2I""","=""13/2""",14,"=""[""","=""24.141245""","=""]""","=""0.000012""","=""""","=""  94         :     6  2p2.(1S).15i          2I   ""","=""006002.000415""","=""L22145"""
"=""2s2.15i""","=""2I""","=""11/2""",12,"=""[""","=""24.141245""","=""]""","=""0.000012""","=""""","=""  94         :     6  2p2.(1S).15i          2I   ""","=""006002.000414""","=""L22145"""
"=""2s2.15k""","=""2K*""","=""15/2""",16,"=""[""","=""24.141261""","=""]""","=""0.000012""","=""""","=""  94         :     6  2p2.(1S).15k          2K*  ""","=""006002.000431""","=""L22145"""
"=""2s2.15k""","=""2K*""","=""13/2""",14,"=""[""","=""24.141261""","=""]""","=""0.000012""","=""""","=""  94         :     6  2p2.(1S).15k          2K*  ""","=""006002.000430""","=""L22145"""
"=""2s.2p.(3P*).3d""","=""4F*""","=""3/2""",4,"=""""","=""24.270232""","=""""","=""0.000006""","=""""","="" 100                                             ""","=""006002.000078""","=""L22145"""
"=""2s.2p.(3P*).3d""","=""4F*""","=""5/2""",6,"=""""","=""24.271876""","=""""","=""0.000006""","=""""","=""  99                                             ""","=""006002.000079""","=""L22145"""
"=""2s.2p.(3P*).3d""","=""4F*""","=""7/2""",8,"=""""","=""24.274339""","=""""","=""0.000006""","=""""","=""  99                                             ""","=""006002.000080""","=""L22145"""
"=""2s.2p.(3P*).3d""","=""4F*""","=""9/2""",10,"=""""","=""24.277795""","=""""","=""0.000006""","=""""","="" 100                                             ""","=""006002.000081""","=""L22145"""
"=""2s.2p.(3P*).3d""","=""4D*""","=""1/2""",2,"=""""","=""24.370080""","=""""","=""0.000007""","=""""","=""  99                                             ""","=""006002.000082""","=""L22145"""
"=""2s.2p.(3P*).3d""","=""4D*""","=""3/2""",4,"=""""","=""24.370757""","=""""","=""0.000006""","=""""","=""  99                                             ""","=""006002.000083""","=""L22145"""
"=""2s.2p.(3P*).3d""","=""4D*""","=""5/2""",6,"=""""","=""24.371800""","=""""","=""0.000006""","=""""","=""  99                                             ""","=""006002.000084""","=""L22145"""
"=""2s.2p.(3P*).3d""","=""4D*""","=""7/2""",8,"=""""","=""24.373054""","=""""","=""0.000006""","=""""","=""  99                                             ""","=""006002.000085""","=""L22145"""
"=""C III (2s2 1S<0>)""","=""Limit""","=""---""",,"=""""","=""24.383143""","=""""","=""0.000012""","=""""","=""                                                 ""","=""006002.Lim001""","=""L22145"""
"=""2s.2p.(3P*).3d""","=""2D*""","=""3/2""",4,"=""""","=""24.601624""","=""""","=""0.000005""","=""""","=""  94         :     5  2p3                   2D*  ""","=""006002.000087""","=""L22145"""
"=""2s.2p.(3P*).3d""","=""2D*""","=""5/2""",6,"=""""","=""24.602961""","=""""","=""0.000005""","=""""","=""  94         :     5  2p3                   2D*  ""","=""006002.000088""","=""L22145"""
"=""2s.2p.(3P*).3d""","=""4P*""","=""5/2""",6,"=""""","=""24.653514""","=""""","=""0.000006""","=""""","=""  99                                             ""","=""006002.000089""","=""L22145"""
"=""2s.2p.(3P*).3d""","=""4P*""","=""3/2""",4,"=""""","=""24.656151""","=""""","=""0.000006""","=""""","=""  99                                             ""","=""006002.000090""","=""L22145"""
"=""2s.2p.(3P*).3d""","=""4P*""","=""1/2""",2,"=""""","=""24.657857""","=""""","=""0.000006""","=""""","=""  99                                             ""","=""006002.000091""","=""L22145"""
"=""2s.2p.(3P*).3d""","=""2F*""","=""5/2""",6,"=""""","=""24.789558""","=""""","=""0.000020""","=""""","=""  99                                             ""","=""006002.000092""","=""L22145"""
"=""2s.2p.(3P*).3d""","=""2F*""","=""7/2""",8,"=""""","=""24.794748""","=""""","=""0.000016""","=""""","=""  99                                             ""","=""006002.000093""","=""L22145"""
"=""2s.2p.(3P*).3d""","=""2P*""","=""3/2""",4,"=""""","=""25.067108""","=""""","=""0.000006""","=""""","=""  91         :     5  2p3                   2P*  ""","=""006002.000094""","=""L22145"""
"=""2s.2p.(3P*).3d""","=""2P*""","=""1/2""",2,"=""""","=""25.070170""","=""""","=""0.000006""","=""""","=""  91         :     5  2p3                   2P*  ""","=""006002.000095""","=""L22145"""
"=""2s.2p.(3P*).4s""","=""4P*""","=""1/2""",2,"=""""","=""25.981185""","=""""","=""0.000006""","=""""","=""  99                                             ""","=""006002.000096""","=""L22145"""
"=""2s.2p.(3P*).4s""","=""4P*""","=""3/2""",4,"=""""","=""25.984173""","=""""","=""0.000006""","=""""","=""  99                                             ""","=""006002.000097""","=""L22145"""
"=""2s.2p.(3P*).4s""","=""4P*""","=""5/2""",6,"=""""","=""25.989855""","=""""","=""0.000006""","=""""","=""  99                                             ""","=""006002.000098""","=""L22145"""
"=""2s.2p.(3P*).4p""","=""2P""","=""1/2""",2,"=""""","=""26.582750""","=""""","=""0.000009""","=""""","=""  97                                             ""","=""006002.000099""","=""L22145"""
"=""2s.2p.(3P*).4p""","=""2P""","=""3/2""",4,"=""""","=""26.585924""","=""""","=""0.000006""","=""""","=""  98                                             ""","=""006002.000100""","=""L22145"""
"=""2s.2p.(3P*).4p""","=""4D""","=""1/2""",2,"=""""","=""26.626817""","=""""","=""0.000014""","=""""","=""  98                                             ""","=""006002.000101""","=""L22145"""
"=""2s.2p.(3P*).4p""","=""4D""","=""3/2""",4,"=""""","=""26.628437""","=""""","=""0.000007""","=""""","=""  99                                             ""","=""006002.000102""","=""L22145"""
"=""2s.2p.(3P*).4p""","=""4D""","=""5/2""",6,"=""""","=""26.631221""","=""""","=""0.000006""","=""""","=""  99                                             ""","=""006002.000103""","=""L22145"""
"=""2s.2p.(3P*).4p""","=""4D""","=""7/2""",8,"=""""","=""26.635493""","=""""","=""0.000006""","=""""","=""  99                                             ""","=""006002.000104""","=""L22145"""
"=""2s.2p.(3P*).4p""","=""4S""","=""3/2""",4,"=""""","=""26.751796""","=""""","=""0.000006""","=""""","=""  98                                             ""","=""006002.000105""","=""L22145"""
"=""2s.2p.(3P*).4p""","=""4P""","=""1/2""",2,"=""""","=""26.825558""","=""""","=""0.000011""","=""""","="" 100                                             ""","=""006002.000106""","=""L22145"""
"=""2s.2p.(3P*).4p""","=""4P""","=""3/2""",4,"=""""","=""26.827651""","=""""","=""0.000006""","=""""","=""  98                                             ""","=""006002.000107""","=""L22145"""
"=""2s.2p.(3P*).4p""","=""4P""","=""5/2""",6,"=""""","=""26.830251""","=""""","=""0.000007""","=""""","="" 100                                             ""","=""006002.000108""","=""L22145"""
"=""2s.2p.(3P*).4p""","=""2D""","=""3/2""",4,"=""""","=""26.8893""","=""""","=""0.0012""","=""""","=""  98                                             ""","=""006002.000257""","=""L22145"""
"=""2s.2p.(3P*).4p""","=""2D""","=""5/2""",6,"=""""","=""26.8950""","=""""","=""0.0011""","=""""","=""  98                                             ""","=""006002.000109""","=""L22145"""
"=""2s.2p.(3P*).4p""","=""2S""","=""1/2""",2,"=""""","=""27.078""","=""""","=""0.004""","=""""","=""  95         :     2  2s.2p.(3P*).5p        2S   ""","=""006002.000270""","=""L22145"""
"=""2s.2p.(3P*).4d""","=""4F*""","=""3/2""",4,"=""""","=""27.22166""","=""""","=""0.00005""","=""""","=""  99                                             ""","=""006002.000110""","=""L22145"""
"=""2s.2p.(3P*).4d""","=""4F*""","=""5/2""",6,"=""""","=""27.223235""","=""""","=""0.000014""","=""""","=""  99                                             ""","=""006002.000111""","=""L22145"""
"=""2s.2p.(3P*).4d""","=""4F*""","=""7/2""",8,"=""""","=""27.225788""","=""""","=""0.000010""","=""""","=""  99                                             ""","=""006002.000112""","=""L22145"""
"=""2s.2p.(3P*).4d""","=""4F*""","=""9/2""",10,"=""""","=""27.22939""","=""""","=""0.00005""","=""""","=""  99                                             ""","=""006002.000113""","=""L22145"""
"=""2s.2p.(3P*).4d""","=""4D*""","=""1/2""",2,"=""""","=""27.292087""","=""""","=""0.000011""","=""""","="" 100                                             ""","=""006002.000114""","=""L22145"""
"=""2s.2p.(3P*).4d""","=""4D*""","=""3/2""",4,"=""""","=""27.292748""","=""""","=""0.000009""","=""""","=""  99                                             ""","=""006002.000115""","=""L22145"""
"=""2s.2p.(3P*).4d""","=""4D*""","=""5/2""",6,"=""""","=""27.293810""","=""""","=""0.000009""","=""""","=""  99                                             ""","=""006002.000116""","=""L22145"""
"=""2s.2p.(3P*).4d""","=""4D*""","=""7/2""",8,"=""""","=""27.295185""","=""""","=""0.000010""","=""""","="" 100                                             ""","=""006002.000117""","=""L22145"""
"=""2s.2p.(3P*).4d""","=""2D*""","=""3/2""",4,"=""""","=""27.351096""","=""""","=""0.000016""","=""""","=""  98                                             ""","=""006002.000118""","=""L22145"""
"=""2s.2p.(3P*).4d""","=""2D*""","=""5/2""",6,"=""""","=""27.352706""","=""""","=""0.000012""","=""""","=""  98                                             ""","=""006002.000119""","=""L22145"""
"=""2s.2p.(3P*).4d""","=""4P*""","=""5/2""",6,"=""""","=""27.377159""","=""""","=""0.000010""","=""""","=""  99                                             ""","=""006002.000120""","=""L22145"""
"=""2s.2p.(3P*).4d""","=""4P*""","=""3/2""",4,"=""""","=""27.379700""","=""""","=""0.000010""","=""""","=""  99                                             ""","=""006002.000121""","=""L22145"""
"=""2s.2p.(3P*).4d""","=""4P*""","=""1/2""",2,"=""""","=""27.381301""","=""""","=""0.000010""","=""""","=""  99                                             ""","=""006002.000122""","=""L22145"""
"=""2s.2p.(3P*).4f""","=""2F""","=""5/2""",6,"=""""","=""27.411529""","=""""","=""0.000006""","=""""","=""  60         :    39  2s.2p.(3P*).4f        4F   ""","=""006002.000123""","=""L22145"""
"=""2s.2p.(3P*).4f""","=""2F""","=""7/2""",8,"=""""","=""27.413617""","=""""","=""0.000006""","=""""","=""  73         :    26  2s.2p.(3P*).4f        4F   ""","=""006002.000127""","=""L22145"""
"=""2s.2p.(3P*).4f""","=""4F""","=""3/2""",4,"=""""","=""27.412155""","=""""","=""0.000006""","=""""","="" 100                                             ""","=""006002.000124""","=""L22145"""
"=""2s.2p.(3P*).4f""","=""4F""","=""7/2""",8,"=""""","=""27.412647""","=""""","=""0.000006""","=""""","=""  73         :    26  2s.2p.(3P*).4f        2F   ""","=""006002.000125""","=""L22145"""
"=""2s.2p.(3P*).4f""","=""4F""","=""5/2""",6,"=""""","=""27.412802""","=""""","=""0.000006""","=""""","=""  60         :    39  2s.2p.(3P*).4f        2F   ""","=""006002.000126""","=""L22145"""
"=""2s.2p.(3P*).4f""","=""4F""","=""9/2""",10,"=""""","=""27.414114""","=""""","=""0.000009""","=""""","="" 100                                             ""","=""006002.000128""","=""L22145"""
"=""2s.2p.(3P*).4d""","=""2F*""","=""5/2""",6,"=""""","=""27.457651""","=""""","=""0.000014""","=""""","=""  98                                             ""","=""006002.000129""","=""L22145"""
"=""2s.2p.(3P*).4d""","=""2F*""","=""7/2""",8,"=""""","=""27.462905""","=""""","=""0.000014""","=""""","=""  98                                             ""","=""006002.000130""","=""L22145"""
"=""2s.2p.(3P*).4f""","=""4G""","=""5/2""",6,"=""""","=""27.468054""","=""""","=""0.000007""","=""""","="" 100                                             ""","=""006002.000131""","=""L22145"""
"=""2s.2p.(3P*).4f""","=""4G""","=""7/2""",8,"=""""","=""27.469200""","=""""","=""0.000006""","=""""","=""  91         :     9  2s.2p.(3P*).4f        2G   ""","=""006002.000132""","=""L22145"""
"=""2s.2p.(3P*).4f""","=""4G""","=""9/2""",10,"=""""","=""27.471868""","=""""","=""0.000006""","=""""","=""  95         :     5  2s.2p.(3P*).4f        2G   ""","=""006002.000133""","=""L22145"""
"=""2s.2p.(3P*).4f""","=""4G""","=""11/2""",12,"=""""","=""27.475501""","=""""","=""0.000009""","=""""","="" 100                                             ""","=""006002.000135""","=""L22145"""
"=""2s.2p.(3P*).4f""","=""2G""","=""7/2""",8,"=""""","=""27.473311""","=""""","=""0.000011""","=""""","=""  91         :     9  2s.2p.(3P*).4f        4G   ""","=""006002.000134""","=""L22145"""
"=""2s.2p.(3P*).4f""","=""2G""","=""9/2""",10,"=""""","=""27.478084""","=""""","=""0.000011""","=""""","=""  95         :     5  2s.2p.(3P*).4f        4G   ""","=""006002.000136""","=""L22145"""
"=""2s.2p.(3P*).4f""","=""4D""","=""7/2""",8,"=""""","=""27.487106""","=""""","=""0.000006""","=""""","="" 100                                             ""","=""006002.000137""","=""L22145"""
"=""2s.2p.(3P*).4f""","=""4D""","=""5/2""",6,"=""""","=""27.488250""","=""""","=""0.000009""","=""""","=""  70         :    30  2s.2p.(3P*).4f        2D   ""","=""006002.000138""","=""L22145"""
"=""2s.2p.(3P*).4f""","=""4D""","=""3/2""",4,"=""""","=""27.490983""","=""""","=""0.000007""","=""""","=""  91         :     9  2s.2p.(3P*).4f        2D   ""","=""006002.000139""","=""L22145"""
"=""2s.2p.(3P*).4f""","=""4D""","=""1/2""",2,"=""""","=""27.492608""","=""""","=""0.000007""","=""""","="" 100                                             ""","=""006002.000141""","=""L22145"""
"=""2s.2p.(3P*).4f""","=""2D""","=""5/2""",6,"=""""","=""27.490999""","=""""","=""0.000010""","=""""","=""  70         :    30  2s.2p.(3P*).4f        4D   ""","=""006002.000140""","=""L22145"""
"=""2s.2p.(3P*).4f""","=""2D""","=""3/2""",4,"=""""","=""27.493785""","=""""","=""0.000007""","=""""","=""  91         :     9  2s.2p.(3P*).4f        4D   ""","=""006002.000142""","=""L22145"""
"=""2s.2p.(3P*).4d""","=""2P*""","=""3/2""",4,"=""""","=""27.55655""","=""""","=""0.00020""","=""""","=""  89         :     3  2s.2p.(1P*).3s        2P*  ""","=""006002.000143""","=""L22145"""
"=""2s.2p.(3P*).4d""","=""2P*""","=""1/2""",2,"=""""","=""27.55989""","=""""","=""0.00020""","=""""","=""  90         :     3  2s.2p.(1P*).3s        2P*  ""","=""006002.000144""","=""L22145"""
"=""2s.2p.(3P*).5s""","=""4P*""","=""1/2""",2,"=""""","=""27.98922""","=""""","=""0.00005""","=""""","=""  99                                             ""","=""006002.000145""","=""L22145"""
"=""2s.2p.(3P*).5s""","=""4P*""","=""3/2""",4,"=""""","=""27.99213""","=""""","=""0.00003""","=""""","=""  99                                             ""","=""006002.000146""","=""L22145"""
"=""2s.2p.(3P*).5s""","=""4P*""","=""5/2""",6,"=""""","=""27.99786""","=""""","=""0.00003""","=""""","=""  99                                             ""","=""006002.000147""","=""L22145"""
"=""2s.2p.(3P*).5p""","=""2P""","=""1/2""",2,"=""""","=""28.253674""","=""""","=""0.000009""","=""""","=""  98                                             ""","=""006002.000148""","=""L22145"""
"=""2s.2p.(3P*).5p""","=""2P""","=""3/2""",4,"=""""","=""28.256950""","=""""","=""0.000010""","=""""","=""  98                                             ""","=""006002.000149""","=""L22145"""
"=""2s.2p.(3P*).5p""","=""4D""","=""1/2""",2,"=""""","=""28.29054""","=""""","=""0.00015""","=""""","=""  98                                             ""","=""006002.000150""","=""L22145"""
"=""2s.2p.(3P*).5p""","=""4D""","=""3/2""",4,"=""""","=""28.29219""","=""""","=""0.00011""","=""""","=""  98                                             ""","=""006002.000151""","=""L22145"""
"=""2s.2p.(3P*).5p""","=""4D""","=""5/2""",6,"=""""","=""28.29464""","=""""","=""0.00010""","=""""","=""  99                                             ""","=""006002.000152""","=""L22145"""
"=""2s.2p.(3P*).5p""","=""4D""","=""7/2""",8,"=""""","=""28.299002""","=""""","=""0.000022""","=""""","=""  99                                             ""","=""006002.000153""","=""L22145"""
"=""2s.2p.(3P*).5p""","=""4S""","=""3/2""",4,"=""""","=""28.349833""","=""""","=""0.000009""","=""""","=""  92         :     7  2s.2p.(3P*).5p        4P   ""","=""006002.000154""","=""L22145"""
"=""2s.2p.(3P*).5p""","=""2D""","=""3/2""",4,"=""""","=""28.3672""","=""""","=""0.0014""","=""""","=""  95         :     3  2s.2p.(1P*).3p        2D   ""","=""006002.000271""","=""L22145"""
"=""2s.2p.(3P*).5p""","=""2D""","=""5/2""",6,"=""""","=""28.3724""","=""""","=""0.0014""","=""""","=""  95         :     3  2s.2p.(1P*).3p        2D   ""","=""006002.000224""","=""L22145"""
"=""2s.2p.(3P*).5p""","=""4P""","=""1/2""",2,"=""[""","=""28.38401""","=""]""","=""0.00025""","=""""","=""  99                                             ""","=""006002.000225""","=""L22145"""
"=""2s.2p.(3P*).5p""","=""4P""","=""3/2""",4,"=""""","=""28.38580""","=""""","=""0.00005""","=""""","=""  92         :     7  2s.2p.(3P*).5p        4S   ""","=""006002.000155""","=""L22145"""
"=""2s.2p.(3P*).5p""","=""4P""","=""5/2""",6,"=""""","=""28.388347""","=""""","=""0.000014""","=""""","=""  99                                             ""","=""006002.000156""","=""L22145"""
"=""2s.2p.(3P*).5p""","=""2S""","=""1/2""",2,"=""""","=""28.457""","=""""","=""0.004""","=""""","=""  92         :     3  2s.2p.(1P*).3p        2S   ""","=""006002.000272""","=""L22145"""
"=""2s.2p.(3P*).5d""","=""4F*""","=""3/2""",4,"=""""","=""28.5683""","=""""","=""0.0004""","=""""","=""  99                                             ""","=""006002.000157""","=""L22145"""
"=""2s.2p.(3P*).5d""","=""4F*""","=""5/2""",6,"=""""","=""28.57005""","=""""","=""0.00025""","=""""","=""  99                                             ""","=""006002.000158""","=""L22145"""
"=""2s.2p.(3P*).5d""","=""4F*""","=""7/2""",8,"=""""","=""28.57320""","=""""","=""0.00025""","=""""","=""  99                                             ""","=""006002.000159""","=""L22145"""
"=""2s.2p.(3P*).5d""","=""4F*""","=""9/2""",10,"=""""","=""28.576543""","=""""","=""0.000014""","=""""","=""  99                                             ""","=""006002.000160""","=""L22145"""
"=""2s.2p.(3P*).5d""","=""4D*""","=""1/2""",2,"=""""","=""28.60925""","=""""","=""0.00025""","=""""","="" 100                                             ""","=""006002.000226""","=""L22145"""
"=""2s.2p.(3P*).5d""","=""4D*""","=""3/2""",4,"=""""","=""28.60995""","=""""","=""0.00010""","=""""","=""  99                                             ""","=""006002.000161""","=""L22145"""
"=""2s.2p.(3P*).5d""","=""4D*""","=""5/2""",6,"=""""","=""28.61093""","=""""","=""0.00007""","=""""","=""  98                                             ""","=""006002.000162""","=""L22145"""
"=""2s.2p.(3P*).5d""","=""4D*""","=""7/2""",8,"=""""","=""28.61242""","=""""","=""0.00016""","=""""","=""  99                                             ""","=""006002.000163""","=""L22145"""
"=""2s.2p.(3P*).5d""","=""4P*""","=""5/2""",6,"=""""","=""28.64691""","=""""","=""0.00007""","=""""","=""  97                                             ""","=""006002.000164""","=""L22145"""
"=""2s.2p.(3P*).5d""","=""4P*""","=""3/2""",4,"=""""","=""28.64930""","=""""","=""0.00011""","=""""","=""  98                                             ""","=""006002.000165""","=""L22145"""
"=""2s.2p.(3P*).5d""","=""4P*""","=""1/2""",2,"=""""","=""28.65107""","=""""","=""0.00011""","=""""","=""  99                                             ""","=""006002.000166""","=""L22145"""
"=""2s.2p.(3P*).5f""","=""2F""","=""5/2""",6,"=""""","=""28.666300""","=""""","=""0.000011""","=""""","=""  70         :    29  2s.2p.(3P*).5f        4F   ""","=""006002.000167""","=""L22145"""
"=""2s.2p.(3P*).5f""","=""2F""","=""7/2""",8,"=""""","=""28.668257""","=""""","=""0.000011""","=""""","=""  71         :    27  2s.2p.(3P*).5f        4F   ""","=""006002.000171""","=""L22145"""
"=""2s.2p.(3P*).5f""","=""4F""","=""3/2""",4,"=""""","=""28.66667""","=""""","=""0.00014""","=""""","=""  99                                             ""","=""006002.000168""","=""L22145"""
"=""2s.2p.(3P*).5f""","=""4F""","=""5/2""",6,"=""""","=""28.66723""","=""""","=""0.00003""","=""""","=""  69         :    29  2s.2p.(3P*).5f        2F   ""","=""006002.000169""","=""L22145"""
"=""2s.2p.(3P*).5f""","=""4F""","=""7/2""",8,"=""""","=""28.667271""","=""""","=""0.000011""","=""""","=""  71         :    27  2s.2p.(3P*).5f        2F   ""","=""006002.000170""","=""L22145"""
"=""2s.2p.(3P*).5f""","=""4F""","=""9/2""",10,"=""""","=""28.668725""","=""""","=""0.000012""","=""""","=""  99                                             ""","=""006002.000172""","=""L22145"""
"=""2s.2p.(3P*).5f""","=""4G""","=""5/2""",6,"=""""","=""28.69473""","=""""","=""0.00005""","=""""","=""  99                                             ""","=""006002.000173""","=""L22145"""
"=""2s.2p.(3P*).5f""","=""4G""","=""7/2""",8,"=""""","=""28.696305""","=""""","=""0.000025""","=""""","=""  85         :    14  2s.2p.(3P*).5f        2G   ""","=""006002.000174""","=""L22145"""
"=""2s.2p.(3P*).5f""","=""4G""","=""9/2""",10,"=""""","=""28.69905""","=""""","=""0.00003""","=""""","=""  92         :     6  2s.2p.(3P*).5f        2G   ""","=""006002.000175""","=""L22145"""
"=""2s.2p.(3P*).5f""","=""4G""","=""11/2""",12,"=""""","=""28.70263""","=""""","=""0.00005""","=""""","="" 100                                             ""","=""006002.000177""","=""L22145"""
"=""2s.2p.(3P*).5f""","=""2G""","=""7/2""",8,"=""""","=""28.69999""","=""""","=""0.00005""","=""""","=""  85         :    14  2s.2p.(3P*).5f        4G   ""","=""006002.000176""","=""L22145"""
"=""2s.2p.(3P*).5f""","=""2G""","=""9/2""",10,"=""""","=""28.70472""","=""""","=""0.00005""","=""""","=""  93         :     7  2s.2p.(3P*).5f        4G   ""","=""006002.000178""","=""L22145"""
"=""2s.2p.(3P*).5f""","=""4D""","=""7/2""",8,"=""""","=""28.705301""","=""""","=""0.000012""","=""""","=""  99                                             ""","=""006002.000179""","=""L22145"""
"=""2s.2p.(3P*).5f""","=""4D""","=""5/2""",6,"=""""","=""28.705857""","=""""","=""0.000024""","=""""","=""  57         :    42  2s.2p.(3P*).5f        2D   ""","=""006002.000180""","=""L22145"""
"=""2s.2p.(3P*).5f""","=""4D""","=""3/2""",4,"=""""","=""28.70869""","=""""","=""0.00005""","=""""","=""  86         :    13  2s.2p.(3P*).5f        2D   ""","=""006002.000181""","=""L22145"""
"=""2s.2p.(3P*).5f""","=""4D""","=""1/2""",2,"=""""","=""28.71051""","=""""","=""0.00014""","=""""","="" 100                                             ""","=""006002.000183""","=""L22145"""
"=""2s.2p.(3P*).5f""","=""2D""","=""5/2""",6,"=""""","=""28.70873""","=""""","=""0.00004""","=""""","=""  57         :    42  2s.2p.(3P*).5f        4D   ""","=""006002.000182""","=""L22145"""
"=""2s.2p.(3P*).5f""","=""2D""","=""3/2""",4,"=""""","=""28.71107""","=""""","=""0.00004""","=""""","=""  87         :    13  2s.2p.(3P*).5f        4D   ""","=""006002.000184""","=""L22145"""
"=""2s.2p.(1P*).3p""","=""2P""","=""1/2""",2,"=""""","=""28.831""","=""""","=""0.003""","=""""","=""  94         :     4  2p2.(3P).3s           2P   ""","=""006002.000241""","=""L22145"""
"=""2s.2p.(1P*).3p""","=""2P""","=""3/2""",4,"=""""","=""28.833""","=""""","=""0.003""","=""""","=""  94         :     4  2p2.(3P).3s           2P   ""","=""006002.000242""","=""L22145"""
"=""2s.2p.(3P*).6s""","=""4P*""","=""1/2""",2,"=""""","=""28.97150""","=""""","=""0.00009""","=""""","=""  99                                             ""","=""006002.000185""","=""L22145"""
"=""2s.2p.(3P*).6s""","=""4P*""","=""3/2""",4,"=""""","=""28.97428""","=""""","=""0.00005""","=""""","=""  99                                             ""","=""006002.000186""","=""L22145"""
"=""2s.2p.(3P*).6s""","=""4P*""","=""5/2""",6,"=""""","=""28.980146""","=""""","=""0.000020""","=""""","=""  99                                             ""","=""006002.000187""","=""L22145"""
"=""2s.2p.(1P*).3p""","=""2D""","=""3/2""",4,"=""""","=""29.014""","=""""","=""0.003""","=""""","=""  84         :    10  2s.2p.(3P*).6p        2D   ""","=""006002.000273""","=""L22145"""
"=""2s.2p.(1P*).3p""","=""2D""","=""5/2""",6,"=""""","=""29.016""","=""""","=""0.003""","=""""","=""  84         :    10  2s.2p.(3P*).6p        2D   ""","=""006002.000274""","=""L22145"""
"=""2s.2p.(3P*).6p""","=""2P""","=""1/2""",2,"=""""","=""29.090""","=""""","=""0.003""","=""""","=""  96                                             ""","=""006002.000227""","=""L22145"""
"=""2s.2p.(3P*).6p""","=""2P""","=""3/2""",4,"=""""","=""29.092""","=""""","=""0.003""","=""""","=""  97                                             ""","=""006002.000232""","=""L22145"""
"=""2s.2p.(3P*).6p""","=""4D""","=""1/2""",2,"=""""","=""29.1360""","=""""","=""0.0003""","=""""","=""  97                                             ""","=""006002.000188""","=""L22145"""
"=""2s.2p.(3P*).6p""","=""4D""","=""3/2""",4,"=""""","=""29.13760""","=""""","=""0.00020""","=""""","=""  98                                             ""","=""006002.000189""","=""L22145"""
"=""2s.2p.(3P*).6p""","=""4D""","=""5/2""",6,"=""""","=""29.14006""","=""""","=""0.00016""","=""""","=""  98                                             ""","=""006002.000190""","=""L22145"""
"=""2s.2p.(3P*).6p""","=""4D""","=""7/2""",8,"=""""","=""29.14454""","=""""","=""0.00007""","=""""","=""  99                                             ""","=""006002.000191""","=""L22145"""
"=""2s.2p.(3P*).6p""","=""2S""","=""1/2""",2,"=""""","=""29.156""","=""""","=""0.003""","=""""","=""  77         :    19  2s.2p.(1P*).3p        2S   ""","=""006002.000275""","=""L22145"""
"=""2s.2p.(3P*).6p""","=""4P""","=""1/2""",2,"=""[""","=""29.1896""","=""]""","=""0.0004""","=""""","=""  97         :     2  2s.2p.(3P*).6p        2S   ""","=""006002.000381""","=""L22145"""
"=""2s.2p.(3P*).6p""","=""4P""","=""3/2""",4,"=""""","=""29.19135""","=""""","=""0.00007""","=""""","=""  81         :    19  2s.2p.(3P*).6p        4S   ""","=""006002.000228""","=""L22145"""
"=""2s.2p.(3P*).6p""","=""4P""","=""5/2""",6,"=""""","=""29.19483""","=""""","=""0.00007""","=""""","=""  99                                             ""","=""006002.000192""","=""L22145"""
"=""2s.2p.(3P*).6p""","=""2D""","=""3/2""",4,"=""""","=""29.228""","=""""","=""0.003""","=""""","=""  88         :     8  2s.2p.(1P*).3p        2D   ""","=""006002.000277""","=""L22145"""
"=""2s.2p.(3P*).6p""","=""2D""","=""5/2""",6,"=""""","=""29.233""","=""""","=""0.003""","=""""","=""  89         :     8  2s.2p.(1P*).3p        2D   ""","=""006002.000278""","=""L22145"""
"=""2s.2p.(3P*).6d""","=""4D*""","=""1/2""",2,"=""""","=""29.3120""","=""""","=""0.0010""","=""""","=""  99                                             ""","=""006002.000279""","=""L22145"""
"=""2s.2p.(3P*).6d""","=""4D*""","=""3/2""",4,"=""""","=""29.3126""","=""""","=""0.0010""","=""""","=""  95         :     3  2s.2p.(3P*).6d        4P*  ""","=""006002.000280""","=""L22145"""
"=""2s.2p.(3P*).6d""","=""4D*""","=""5/2""",6,"=""""","=""29.3137""","=""""","=""0.0010""","=""""","=""  89         :     5  2s.2p.(3P*).6d        4P*  ""","=""006002.000281""","=""L22145"""
"=""2s.2p.(3P*).6d""","=""4D*""","=""7/2""",8,"=""""","=""29.3153""","=""""","=""0.0009""","=""""","=""  98                                             ""","=""006002.000193""","=""L22145"""
"=""2s.2p.(3P*).6d""","=""4P*""","=""5/2""",6,"=""""","=""29.3319""","=""""","=""0.0016""","=""""","=""  93         :     4  2s.2p.(3P*).6d        4D*  ""","=""006002.000194""","=""L22145"""
"=""2s.2p.(3P*).6d""","=""4P*""","=""3/2""",4,"=""""","=""29.3343""","=""""","=""0.0016""","=""""","=""  97         :     2  2s.2p.(3P*).6d        4D*  ""","=""006002.000253""","=""L22145"""
"=""2s.2p.(3P*).6d""","=""4P*""","=""1/2""",2,"=""""","=""29.3358""","=""""","=""0.0016""","=""""","=""  99                                             ""","=""006002.000255""","=""L22145"""
"=""2s.2p.(3P*).6f""","=""2F""","=""5/2""",6,"=""""","=""29.3461""","=""""","=""0.0007""","=""""","=""  54         :    36  2s.2p.(3P*).6f        4F   ""","=""006002.000196""","=""L22145"""
"=""2s.2p.(3P*).6f""","=""2F""","=""7/2""",8,"=""""","=""29.34784""","=""""","=""0.00017""","=""""","=""  72         :    22  2s.2p.(3P*).6f        4F   ""","=""006002.000199""","=""L22145"""
"=""2s.2p.(3P*).6f""","=""4F""","=""3/2""",4,"=""""","=""29.3461""","=""""","=""0.0003""","=""""","=""  97                                             ""","=""006002.000195""","=""L22145"""
"=""2s.2p.(3P*).6f""","=""4F""","=""5/2""",6,"=""""","=""29.34680""","=""""","=""0.00021""","=""""","=""  57         :    40  2s.2p.(3P*).6f        2F   ""","=""006002.000197""","=""L22145"""
"=""2s.2p.(3P*).6f""","=""4F""","=""7/2""",8,"=""""","=""29.3474""","=""""","=""0.0006""","=""""","=""  68         :    22  2s.2p.(3P*).6f        2F   ""","=""006002.000198""","=""L22145"""
"=""2s.2p.(3P*).6f""","=""4F""","=""9/2""",10,"=""""","=""29.348031""","=""""","=""0.000016""","=""""","=""  94         :     5  2s.2p.(3P*).6f        4G   ""","=""006002.000200""","=""L22145"""
"=""2s.2p.(3P*).6f""","=""4G""","=""5/2""",6,"=""""","=""29.36123""","=""""","=""0.00006""","=""""","=""  93         :     3  2s.2p.(3P*).6f        4F   ""","=""006002.000201""","=""L22145"""
"=""2s.2p.(3P*).6f""","=""4G""","=""7/2""",8,"=""""","=""29.36233""","=""""","=""0.00014""","=""""","=""  69         :    23  2s.2p.(3P*).6f        2G   ""","=""006002.000202""","=""L22145"""
"=""2s.2p.(3P*).6f""","=""4G""","=""9/2""",10,"=""""","=""29.36470""","=""""","=""0.00019""","=""""","=""  86         :     8  2s.2p.(3P*).6f        2G   ""","=""006002.000203""","=""L22145"""
"=""2s.2p.(3P*).6f""","=""4G""","=""11/2""",12,"=""""","=""29.36951""","=""""","=""0.00005""","=""""","="" 100                                             ""","=""006002.000206""","=""L22145"""
"=""2s.2p.(3P*).6f""","=""2G""","=""7/2""",8,"=""""","=""29.36648""","=""""","=""0.00009""","=""""","=""  55         :    24  2s.2p.(3P*).6f        4G   ""","=""006002.000204""","=""L22145"""
"=""2s.2p.(3P*).6f""","=""2G""","=""9/2""",10,"=""""","=""29.37058""","=""""","=""0.00009""","=""""","=""  91         :     9  2s.2p.(3P*).6f        4G   ""","=""006002.000207""","=""L22145"""
"=""2s.2p.(3P*).6f""","=""4D""","=""7/2""",8,"=""""","=""29.36910""","=""""","=""0.00016""","=""""","=""  75         :    17  2s.2p.(3P*).6f        2G   ""","=""006002.000205""","=""L22145"""
"=""2s.2p.(3P*).7s""","=""4P*""","=""1/2""",2,"=""""","=""29.5215""","=""""","=""0.0024""","=""""","=""  99                                             ""","=""006002.000284""","=""L22145"""
"=""2s.2p.(3P*).7s""","=""4P*""","=""3/2""",4,"=""""","=""29.5244""","=""""","=""0.0024""","=""""","=""  99                                             ""","=""006002.000285""","=""L22145"""
"=""2s.2p.(3P*).7s""","=""4P*""","=""5/2""",6,"=""""","=""29.5302""","=""""","=""0.0024""","=""""","=""  99                                             ""","=""006002.000286""","=""L22145"""
"=""2s.2p.(3P*).7p""","=""2P""","=""1/2""",2,"=""""","=""29.615""","=""""","=""0.004""","=""""","=""  95         :     3  2s.2p.(3P*).7p        4D   ""","=""006002.000288""","=""L22145"""
"=""2s.2p.(3P*).7p""","=""2P""","=""3/2""",4,"=""""","=""29.618""","=""""","=""0.004""","=""""","=""  96         :     2  2s.2p.(3P*).7p        4D   ""","=""006002.000289""","=""L22145"""
"=""2s.2p.(3P*).7p""","=""2D""","=""3/2""",4,"=""""","=""29.668""","=""""","=""0.004""","=""""","=""  96                                             ""","=""006002.000290""","=""L22145"""
"=""2s.2p.(3P*).7p""","=""2D""","=""5/2""",6,"=""""","=""29.673""","=""""","=""0.004""","=""""","=""  96                                             ""","=""006002.000291""","=""L22145"""
"=""2s.2p.(3P*).7d""","=""4D*""","=""1/2""",2,"=""""","=""29.737""","=""""","=""0.003""","=""""","=""  98                                             ""","=""006002.000368""","=""L22145"""
"=""2s.2p.(3P*).7d""","=""4D*""","=""3/2""",4,"=""""","=""29.737""","=""""","=""0.003""","=""""","=""  69         :    26  2s.2p.(3P*).7d        2D*  ""","=""006002.000352""","=""L22145"""
"=""2s.2p.(3P*).7d""","=""4D*""","=""5/2""",6,"=""""","=""29.738""","=""""","=""0.003""","=""""","=""  60         :    25  2s.2p.(3P*).7d        2D*  ""","=""006002.000320""","=""L22145"""
"=""2s.2p.(3P*).7d""","=""4D*""","=""7/2""",8,"=""""","=""29.740""","=""""","=""0.003""","=""""","=""  97         :     3  2s.2p.(3P*).7d        4F*  ""","=""006002.000283""","=""L22145"""
"=""2s.2p.(3P*).7d""","=""4P*""","=""5/2""",6,"=""""","=""29.737""","=""""","=""0.003""","=""""","=""  87         :    10  2s.2p.(3P*).7d        4D*  ""","=""006002.000287""","=""L22145"""
"=""2s.2p.(3P*).7d""","=""4P*""","=""3/2""",4,"=""""","=""29.740""","=""""","=""0.003""","=""""","=""  94         :     5  2s.2p.(3P*).7d        4D*  ""","=""006002.000276""","=""L22145"""
"=""2s.2p.(3P*).7d""","=""4P*""","=""1/2""",2,"=""""","=""29.741""","=""""","=""0.003""","=""""","=""  98                                             ""","=""006002.000282""","=""L22145"""
"=""2s.2p.(3P*).8p""","=""2P""","=""1/2""",2,"=""""","=""29.927""","=""""","=""0.004""","=""""","=""  91         :     8  2s.2p.(3P*).8p        4D   ""","=""006002.000294""","=""L22145"""
"=""2s.2p.(3P*).8p""","=""2P""","=""3/2""",4,"=""""","=""29.930""","=""""","=""0.004""","=""""","=""  92         :     5  2s.2p.(3P*).8p        4D   ""","=""006002.000295""","=""L22145"""
"=""2s.2p.(3P*).8p""","=""2D""","=""3/2""",4,"=""""","=""29.958""","=""""","=""0.004""","=""""","=""  96                                             ""","=""006002.000296""","=""L22145"""
"=""2s.2p.(3P*).8p""","=""2D""","=""5/2""",6,"=""""","=""29.963""","=""""","=""0.004""","=""""","=""  96                                             ""","=""006002.000297""","=""L22145"""
"=""2s.2p.(3P*).8d""","=""4D*""","=""1/2""",2,"=""""","=""30.008""","=""""","=""0.003""","=""""","=""  97         :     2  2s.2p.(3P*).8d        4P*  ""","=""006002.000371""","=""L22145"""
"=""2s.2p.(3P*).8d""","=""4D*""","=""3/2""",4,"=""""","=""30.009""","=""""","=""0.003""","=""""","=""  59         :    31  2s.2p.(3P*).8d        2D*  ""","=""006002.000372""","=""L22145"""
"=""2s.2p.(3P*).8d""","=""4D*""","=""5/2""",6,"=""""","=""30.009""","=""""","=""0.003""","=""""","=""  41         :    50  2s.2p.(3P*).8d        2D*  ""","=""006002.000373""","=""L22145"""
"=""2s.2p.(3P*).8d""","=""4D*""","=""7/2""",8,"=""""","=""30.012""","=""""","=""0.003""","=""""","=""  93         :     6  2s.2p.(3P*).8d        4F*  ""","=""006002.000374""","=""L22145"""
"=""2s.2p.(3P*).8d""","=""4P*""","=""5/2""",6,"=""""","=""30.009""","=""""","=""0.003""","=""""","=""  78         :    19  2s.2p.(3P*).8d        4D*  ""","=""006002.000292""","=""L22145"""
"=""2s.2p.(3P*).8d""","=""4P*""","=""3/2""",4,"=""""","=""30.011""","=""""","=""0.003""","=""""","=""  90         :     9  2s.2p.(3P*).8d        4D*  ""","=""006002.000369""","=""L22145"""
"=""2s.2p.(3P*).8d""","=""4P*""","=""1/2""",2,"=""""","=""30.012""","=""""","=""0.003""","=""""","=""  97         :     2  2s.2p.(3P*).8d        4D*  ""","=""006002.000370""","=""L22145"""
"=""2s.2p.(3P*).9p""","=""2P""","=""1/2""",2,"=""""","=""30.137""","=""""","=""0.004""","=""""","=""  82         :    17  2s.2p.(3P*).9p        4D   ""","=""006002.000298""","=""L22145"""
"=""2s.2p.(3P*).9p""","=""2P""","=""3/2""",4,"=""""","=""30.140""","=""""","=""0.004""","=""""","=""  84         :    12  2s.2p.(3P*).9p        4D   ""","=""006002.000299""","=""L22145"""
"=""2s.2p.(3P*).9p""","=""2D""","=""3/2""",4,"=""""","=""30.155""","=""""","=""0.004""","=""""","=""  95         :     2  2s.2p.(3P*).9p        2P   ""","=""006002.000300""","=""L22145"""
"=""2s.2p.(3P*).9p""","=""2D""","=""5/2""",6,"=""""","=""30.161""","=""""","=""0.004""","=""""","=""  96         :     2  2s.2p.(3P*).9p        4P   ""","=""006002.000301""","=""L22145"""
"=""2s.2p.(3P*).9d""","=""4D*""","=""1/2""",2,"=""""","=""30.195""","=""""","=""0.004""","=""""","=""  96         :     3  2s.2p.(3P*).9d        4P*  ""","=""006002.000377""","=""L22145"""
"=""2s.2p.(3P*).9d""","=""4D*""","=""3/2""",4,"=""""","=""30.195""","=""""","=""0.004""","=""""","=""  62         :    22  2s.2p.(3P*).9d        2D*  ""","=""006002.000378""","=""L22145"""
"=""2s.2p.(3P*).9d""","=""4D*""","=""5/2""",6,"=""""","=""30.196""","=""""","=""0.004""","=""""","=""  38         :    43  2s.2p.(3P*).9d        2D*  ""","=""006002.000379""","=""L22145"""
"=""2s.2p.(3P*).9d""","=""4D*""","=""7/2""",8,"=""""","=""30.200""","=""""","=""0.003""","=""""","=""  89         :    11  2s.2p.(3P*).9d        4F*  ""","=""006002.000380""","=""L22145"""
"=""2s.2p.(3P*).9d""","=""4P*""","=""5/2""",6,"=""""","=""30.196""","=""""","=""0.004""","=""""","=""  67         :    29  2s.2p.(3P*).9d        4D*  ""","=""006002.000293""","=""L22145"""
"=""2s.2p.(3P*).9d""","=""4P*""","=""3/2""",4,"=""""","=""30.198""","=""""","=""0.004""","=""""","=""  86         :    13  2s.2p.(3P*).9d        4D*  ""","=""006002.000375""","=""L22145"""
"=""2s.2p.(3P*).9d""","=""4P*""","=""1/2""",2,"=""""","=""30.199""","=""""","=""0.004""","=""""","=""  96         :     3  2s.2p.(3P*).9d        4D*  ""","=""006002.000376""","=""L22145"""
"=""2p2.(3P).3s""","=""2P""","=""1/2""",2,"=""""","=""32.34""","=""""","=""0.03""","=""""","=""  62         :    30  2s.2p.(1P*).4p        2P   ""","=""006002.000302""","=""L22145"""
"=""2p2.(3P).3s""","=""2P""","=""3/2""",4,"=""""","=""32.35""","=""""","=""0.03""","=""""","=""  62         :    30  2s.2p.(1P*).4p        2P   ""","=""006002.000303""","=""L22145"""
"=""2p2.(3P).3p""","=""4D*""","=""1/2""",2,"=""""","=""33.184""","=""""","=""0.003""","=""""","=""  98                                             ""","=""006002.000309""","=""L22145"""
"=""2p2.(3P).3p""","=""4D*""","=""3/2""",4,"=""""","=""33.186""","=""""","=""0.003""","=""""","=""  98                                             ""","=""006002.000310""","=""L22145"""
"=""2p2.(3P).3p""","=""4D*""","=""5/2""",6,"=""""","=""33.189""","=""""","=""0.003""","=""""","=""  98                                             ""","=""006002.000311""","=""L22145"""
"=""2p2.(3P).3p""","=""4D*""","=""7/2""",8,"=""""","=""33.193""","=""""","=""0.003""","=""""","=""  98                                             ""","=""006002.000312""","=""L22145"""
"=""2p2.(3P).3p""","=""4P*""","=""1/2""",2,"=""""","=""33.428""","=""""","=""0.003""","=""""","=""  98                                             ""","=""006002.000313""","=""L22145"""
"=""2p2.(3P).3p""","=""4P*""","=""3/2""",4,"=""""","=""33.430""","=""""","=""0.003""","=""""","=""  98                                             ""","=""006002.000314""","=""L22145"""
"=""2p2.(3P).3p""","=""4P*""","=""5/2""",6,"=""""","=""33.433""","=""""","=""0.003""","=""""","=""  98                                             ""","=""006002.000315""","=""L22145"""
"=""2p2.(1D).3s""","=""2D""","=""3/2""",4,"=""""","=""33.53""","=""""","=""0.03""","=""""","=""  91         :     3  2s.2p.(1P*).4p        2D   ""","=""006002.000316""","=""L22145"""
"=""2p2.(1D).3s""","=""2D""","=""5/2""",6,"=""""","=""33.53""","=""""","=""0.03""","=""""","=""  91         :     3  2s.2p.(1P*).4p        2D   ""","=""006002.000317""","=""L22145"""
"=""2s.2p.(1P*).5p""","=""2D""","=""3/2""",4,"=""""","=""34.485""","=""""","=""0.016""","=""""","=""  99                                             ""","=""006002.000321""","=""L22145"""
"=""2s.2p.(1P*).5p""","=""2D""","=""5/2""",6,"=""""","=""34.485""","=""""","=""0.015""","=""""","=""  99                                             ""","=""006002.000322""","=""L22145"""
"=""2s.2p.(1P*).5p""","=""2S""","=""1/2""",2,"=""""","=""34.556""","=""""","=""0.016""","=""""","=""  99                                             ""","=""006002.000086""","=""L22145"""
"=""2p2.(3P).3d""","=""2P""","=""3/2""",4,"=""""","=""34.934""","=""""","=""0.015""","=""""","=""  98                                             ""","=""006002.000325""","=""L22145"""
"=""2p2.(3P).3d""","=""2P""","=""1/2""",2,"=""""","=""34.939""","=""""","=""0.015""","=""""","=""  98                                             ""","=""006002.000324""","=""L22145"""
"=""2s.2p.(1P*).6p""","=""2D""","=""3/2""",4,"=""""","=""35.345""","=""""","=""0.016""","=""""","=""  99                                             ""","=""006002.000327""","=""L22145"""
"=""2s.2p.(1P*).6p""","=""2D""","=""5/2""",6,"=""""","=""35.345""","=""""","=""0.016""","=""""","=""  99                                             ""","=""006002.000328""","=""L22145"""
"=""2s.2p.(1P*).6p""","=""2S""","=""1/2""",2,"=""""","=""35.35""","=""""","=""0.05""","=""""","=""  99                                             ""","=""006002.000238""","=""L22145"""
"=""2p2.(3P).3d""","=""2D""","=""3/2""",4,"=""""","=""35.544""","=""""","=""0.015""","=""""","=""  91         :     6  2s.2p.(1P*).6f        2D   ""","=""006002.000329""","=""L22145"""
"=""2p2.(3P).3d""","=""2D""","=""5/2""",6,"=""""","=""35.546""","=""""","=""0.015""","=""""","=""  85         :    12  2s.2p.(1P*).6f        2D   ""","=""006002.000330""","=""L22145"""
"=""2s.2p.(1P*).7p""","=""2D""","=""3/2""",4,"=""""","=""35.805""","=""""","=""0.016""","=""""","="" 100                                             ""","=""006002.000332""","=""L22145"""
"=""2s.2p.(1P*).7p""","=""2D""","=""5/2""",6,"=""""","=""35.805""","=""""","=""0.016""","=""""","="" 100                                             ""","=""006002.000333""","=""L22145"""
"=""2s.2p.(1P*).7p""","=""2S""","=""1/2""",2,"=""""","=""35.81""","=""""","=""0.05""","=""""","="" 100                                             ""","=""006002.000244""","=""L22145"""
"=""2s.2p.(1P*).8p""","=""2D""","=""3/2""",4,"=""""","=""36.115""","=""""","=""0.016""","=""""","="" 100                                             ""","=""006002.000334""","=""L22145"""
"=""2s.2p.(1P*).8p""","=""2D""","=""5/2""",6,"=""""","=""36.115""","=""""","=""0.016""","=""""","="" 100                                             ""","=""006002.000251""","=""L22145"""
"=""2s.2p.(1P*).8p""","=""2S""","=""1/2""",2,"=""""","=""36.12""","=""""","=""0.04""","=""""","="" 100                                             ""","=""006002.000248""","=""L22145"""
"=""2p2.(3P).4d""","=""2D""","=""3/2""",4,"=""""","=""38.014""","=""""","=""0.020""","=""""","=""  95         :     2  2p2.(3P).5d           2D   ""","=""006002.000339""","=""L22145"""
"=""2p2.(3P).4d""","=""2D""","=""5/2""",6,"=""""","=""38.016""","=""""","=""0.020""","=""""","=""  95         :     2  2p2.(3P).5d           2D   ""","=""006002.000340""","=""L22145"""
"=""2p2.(3P).5s""","=""2P""","=""1/2""",2,"=""""","=""38.67""","=""""","=""0.10""","=""""","=""  96                                             ""","=""006002.000341""","=""L22145"""
"=""2p2.(3P).5s""","=""2P""","=""3/2""",4,"=""""","=""38.68""","=""""","=""0.10""","=""""","=""  96                                             ""","=""006002.000342""","=""L22145"""
"=""2p2.(3P).5d""","=""2D""","=""3/2""",4,"=""""","=""39.25""","=""""","=""0.05""","=""""","=""  94         :     2  2p2.(3P).6d           2D   ""","=""006002.000343""","=""L22145"""
"=""2p2.(3P).5d""","=""2D""","=""5/2""",6,"=""""","=""39.26""","=""""","=""0.05""","=""""","=""  94         :     2  2p2.(3P).6d           2D   ""","=""006002.000344""","=""L22145"""
"=""2p2.(1D).4d""","=""2D""","=""3/2""",4,"=""""","=""39.61""","=""""","=""0.10""","=""""","=""  98                                             ""","=""006002.000345""","=""L22145"""
"=""2p2.(1D).4d""","=""2D""","=""5/2""",6,"=""""","=""39.61""","=""""","=""0.10""","=""""","=""  98                                             ""","=""006002.000346""","=""L22145"""
"=""2p2.(1D).4d""","=""2S""","=""1/2""",2,"=""""","=""39.86""","=""""","=""0.05""","=""""","=""  95                                             ""","=""006002.000347""","=""L22145"""
"=""2s.3p2.(3P)""","=""2P""","=""1/2""",2,"=""""","=""46.36""","=""""","=""0.14""","=""""","="" 100                                             ""","=""006002.000348""","=""L22145"""
"=""2s.3p2.(3P)""","=""2P""","=""3/2""",4,"=""""","=""46.37""","=""""","=""0.14""","=""""","=""  98                                             ""","=""006002.000349""","=""L22145"""
"=""2s.3s.(1S).3d""","=""2D""","=""3/2""",4,"=""""","=""46.37""","=""""","=""0.14""","=""""","=""  65         :    23  2s.3s.(3S).3d         2D   ""","=""006002.000350""","=""L22145"""
"=""2s.3s.(1S).3d""","=""2D""","=""5/2""",6,"=""""","=""46.37""","=""""","=""0.14""","=""""","=""  66         :    23  2s.3s.(3S).3d         2D   ""","=""006002.000351""","=""L22145"""
"=""2s.3p2.(1D)""","=""2D""","=""3/2""",4,"=""""","=""47.76""","=""""","=""0.10""","=""""","=""  50         :    27  2s.3s.(3S).3d         2D   ""","=""006002.000353""","=""L22145"""
"=""2s.3p2.(1D)""","=""2D""","=""5/2""",6,"=""""","=""47.76""","=""""","=""0.10""","=""""","=""  50         :    27  2s.3s.(3S).3d         2D   ""","=""006002.000354""","=""L22145"""
"=""1s.2s2.2p2""","=""2D""","=""3/2""",4,"=""""","=""287.94""","=""""","=""0.03""","=""""","=""  98         :     2  1s.2p4                2D   ""","=""006002.000355""","=""L22145"""
"=""1s.2s2.2p2""","=""2D""","=""5/2""",6,"=""""","=""287.94""","=""""","=""0.03""","=""""","=""  98         :     2  1s.2p4                2D   ""","=""006002.000356""","=""L22145"""
"=""1s.2s2.2p2""","=""2P""","=""1/2""",2,"=""""","=""288.41""","=""""","=""0.03""","=""""","=""  98         :     2  1s.2p4                2P   ""","=""006002.000357""","=""L22145"""
"=""1s.2s2.2p2""","=""2P""","=""3/2""",4,"=""""","=""288.42""","=""""","=""0.03""","=""""","=""  98         :     2  1s.2p4                2P   ""","=""006002.000358""","=""L22145"""
"=""1s.2s2.2p2""","=""2S""","=""1/2""",2,"=""""","=""289.91""","=""""","=""0.03""","=""""","=""  93         :     7  1s.2p4                2S   ""","=""006002.000359""","=""L22145"""
"=""1s.2s.(3S). 2p3.(4S*)""","=""4S*""","=""3/2""",4,"=""""","=""292.54""","=""""","=""0.03""","=""""","=""  52         :    48  1s.2s.(1S). 2p3.(4S*) 4S*  ""","=""006002.000360""","=""L22145"""
"=""1s.2s.(3S). 2p3.(2D*)""","=""4D*""","=""1/2""",2,"=""""","=""292.67""","=""""","=""0.03""","=""""","="" 100                                             ""","=""006002.000361""","=""L22145"""
"=""1s.2s.(3S). 2p3.(2D*)""","=""4D*""","=""3/2""",4,"=""""","=""292.67""","=""""","=""0.03""","=""""","="" 100                                             ""","=""006002.000362""","=""L22145"""
"=""1s.2s.(3S). 2p3.(2D*)""","=""4D*""","=""5/2""",6,"=""""","=""292.67""","=""""","=""0.03""","=""""","="" 100                                             ""","=""006002.000363""","=""L22145"""
"=""1s.2s.(3S). 2p3.(2D*)""","=""4D*""","=""7/2""",8,"=""""","=""292.67""","=""""","=""0.03""","=""""","="" 100                                             ""","=""006002.000364""","=""L22145"""
"=""1s.2s.(3S). 2p3.(2P*)""","=""4P*""","=""1/2""",2,"=""""","=""294.77""","=""""","=""0.03""","=""""","="" 100                                             ""","=""006002.000365""","=""L22145"""
"=""1s.2s.(3S). 2p3.(2P*)""","=""4P*""","=""3/2""",4,"=""""","=""294.77""","=""""","=""0.03""","=""""","="" 100                                             ""","=""006002.000366""","=""L22145"""
"=""1s.2s.(3S). 2p3.(2P*)""","=""4P*""","=""5/2""",6,"=""""","=""294.77""","=""""","=""0.03""","=""""","="" 100                                             ""","=""006002.000367""","=""L22145"""
