Configuration,Term,J,g,Prefix,Level (eV),Suffix,Uncertainty (eV),Leading percentages,Level ID,Reference
"=""2s2.2p5""","=""2P*""","=""3/2""",4,"=""""","=""0.00000000""","=""""","=""0""","="" 100                                                              ""","=""010002.000001""","=""L9088"""
"=""2s2.2p5""","=""2P*""","=""1/2""",2,"=""""","=""0.09676024""","=""""","=""0.00000025""","="" 100                                                              ""","=""010002.000002""","=""L9088"""
"=""2s.2p6""","=""2S""","=""1/2""",2,"=""""","=""26.910472""","=""""","=""0.000011""","=""  98                                                              ""","=""010002.000003""","=""L9088"""
"=""2s2.2p4.(3P).3s""","=""4P""","=""5/2""",6,"=""""","=""27.16875174""","=""""","=""0.00000014""","="" 100                                                              ""","=""010002.000004""","=""L9088"""
"=""2s2.2p4.(3P).3s""","=""4P""","=""3/2""",4,"=""""","=""27.2329339""","=""""","=""0.0000006""","="" 100                                                              ""","=""010002.000005""","=""L9088"""
"=""2s2.2p4.(3P).3s""","=""4P""","=""1/2""",2,"=""""","=""27.27000770""","=""""","=""0.00000014""","="" 100                                                              ""","=""010002.000006""","=""L9088"""
"=""2s2.2p4.(3P).3s""","=""2P""","=""3/2""",4,"=""""","=""27.78324821""","=""""","=""0.00000016""","="" 100                                                              ""","=""010002.000007""","=""L9088"""
"=""2s2.2p4.(3P).3s""","=""2P""","=""1/2""",2,"=""""","=""27.85915908""","=""""","=""0.00000017""","="" 100                                                              ""","=""010002.000008""","=""L9088"""
"=""2s2.2p4.(3P).3p""","=""4P*""","=""5/2""",6,"=""""","=""30.52396899""","=""""","=""0.00000017""","=""  99                                                              ""","=""010002.000009""","=""L9088"""
"=""2s2.2p4.(3P).3p""","=""4P*""","=""3/2""",4,"=""""","=""30.55156804""","=""""","=""0.00000014""","=""  99                                                              ""","=""010002.000012""","=""L9088"""
"=""2s2.2p4.(3P).3p""","=""4P*""","=""1/2""",2,"=""""","=""30.57421575""","=""""","=""0.00000015""","="" 100                                                              ""","=""010002.000013""","=""L9088"""
"=""2s2.2p4.(1D).3s""","=""2D""","=""5/2""",6,"=""""","=""30.54897749""","=""""","=""0.00000019""","="" 100                                                              ""","=""010002.000010""","=""L9088"""
"=""2s2.2p4.(1D).3s""","=""2D""","=""3/2""",4,"=""""","=""30.54939418""","=""""","=""0.00000025""","="" 100                                                              ""","=""010002.000011""","=""L9088"""
"=""2s2.2p4.(3P).3p""","=""4D*""","=""7/2""",8,"=""""","=""30.88553180""","=""""","=""0.00000017""","="" 100                                                              ""","=""010002.000014""","=""L9088"""
"=""2s2.2p4.(3P).3p""","=""4D*""","=""5/2""",6,"=""""","=""30.92735780""","=""""","=""0.00000015""","=""  98                                                              ""","=""010002.000015""","=""L9088"""
"=""2s2.2p4.(3P).3p""","=""4D*""","=""3/2""",4,"=""""","=""30.95829705""","=""""","=""0.00000016""","=""  99                                                              ""","=""010002.000016""","=""L9088"""
"=""2s2.2p4.(3P).3p""","=""4D*""","=""1/2""",2,"=""""","=""30.97616485""","=""""","=""0.00000017""","="" 100                                                              ""","=""010002.000017""","=""L9088"""
"=""2s2.2p4.(3P).3p""","=""2D*""","=""5/2""",6,"=""""","=""31.12141637""","=""""","=""0.00000019""","=""  99                                                              ""","=""010002.000018""","=""L9088"""
"=""2s2.2p4.(3P).3p""","=""2D*""","=""3/2""",4,"=""""","=""31.18476555""","=""""","=""0.00000019""","=""  99                                                              ""","=""010002.000019""","=""L9088"""
"=""2s2.2p4.(3P).3p""","=""2S*""","=""1/2""",2,"=""""","=""31.34301510""","=""""","=""0.00000025""","=""  93                            :     6  2s2.2p4.(3P).3p    2P*   ""","=""010002.000020""","=""L9088"""
"=""2s2.2p4.(3P).3p""","=""4S*""","=""3/2""",4,"=""""","=""31.36223939""","=""""","=""0.00000016""","=""  99                                                              ""","=""010002.000021""","=""L9088"""
"=""2s2.2p4.(3P).3p""","=""2P*""","=""3/2""",4,"=""""","=""31.51244241""","=""""","=""0.00000017""","=""  92                            :     6  2s2.2p4.(1D).3p    2P*   ""","=""010002.000022""","=""L9088"""
"=""2s2.2p4.(3P).3p""","=""2P*""","=""1/2""",2,"=""""","=""31.52821065""","=""""","=""0.00000019""","=""  86                            :     7  2s2.2p4.(1D).3p    2P*   ""","=""010002.000023""","=""L9088"""
"=""2s2.2p4.(1D).3p""","=""2F*""","=""5/2""",6,"=""""","=""34.01687000""","=""""","=""0.00000025""","="" 100                                                              ""","=""010002.000024""","=""L9088"""
"=""2s2.2p4.(1D).3p""","=""2F*""","=""7/2""",8,"=""""","=""34.02239020""","=""""","=""0.00000025""","="" 100                                                              ""","=""010002.000025""","=""L9088"""
"=""2s2.2p4.(1D).3p""","=""2P*""","=""3/2""",4,"=""""","=""34.25396207""","=""""","=""0.00000025""","=""  89                            :     5  2s2.2p4.(3P).3p    2P*   ""","=""010002.000026""","=""L9088"""
"=""2s2.2p4.(1D).3p""","=""2P*""","=""1/2""",2,"=""""","=""34.2830939""","=""""","=""0.0000004""","=""  89                            :     6  2s2.2p4.(3P).3p    2P*   ""","=""010002.000027""","=""L9088"""
"=""2s2.2p4.(1S).3s""","=""2S""","=""1/2""",2,"=""""","=""34.3035902""","=""""","=""0.0000004""","=""  97                                                              ""","=""010002.000028""","=""L9088"""
"=""2s2.2p4.(1D).3p""","=""2D*""","=""3/2""",4,"=""""","=""34.3839892""","=""""","=""0.0000004""","="" 100                                                              ""","=""010002.000029""","=""L9088"""
"=""2s2.2p4.(1D).3p""","=""2D*""","=""5/2""",6,"=""""","=""34.38630670""","=""""","=""0.00000025""","="" 100                                                              ""","=""010002.000030""","=""L9088"""
"=""2s2.2p4.(3P).3d""","=""4D""","=""7/2""",8,"=""""","=""34.6086522""","=""""","=""0.0000004""","=""  96                                                              ""","=""010002.000031""","=""L9088"""
"=""2s2.2p4.(3P).3d""","=""4D""","=""5/2""",6,"=""""","=""34.61869947""","=""""","=""0.00000025""","=""  94                                                              ""","=""010002.000032""","=""L9088"""
"=""2s2.2p4.(3P).3d""","=""4D""","=""3/2""",4,"=""""","=""34.63187052""","=""""","=""0.00000025""","=""  95                                                              ""","=""010002.000033""","=""L9088"""
"=""2s2.2p4.(3P).3d""","=""4D""","=""1/2""",2,"=""""","=""34.6440204""","=""""","=""0.0000004""","=""  97                                                              ""","=""010002.000034""","=""L9088"""
"=""2s2.2p4.(3P).3d""","=""4F""","=""9/2""",10,"=""""","=""34.7370230""","=""""","=""0.0000004""","="" 100                                                              ""","=""010002.000035""","=""L9088"""
"=""2s2.2p4.(3P).3d""","=""4F""","=""7/2""",8,"=""""","=""34.80245657""","=""""","=""0.00000025""","=""  52                            :    44  2s2.2p4.(3P).3d    2F    ""","=""010002.000039""","=""L9088"""
"=""2s2.2p4.(3P).3d""","=""4F""","=""5/2""",6,"=""""","=""34.81442056""","=""""","=""0.00000025""","=""  72                            :    24  2s2.2p4.(3P).3d    2D    ""","=""010002.000041""","=""L9088"""
"=""2s2.2p4.(3P).3d""","=""4F""","=""3/2""",4,"=""""","=""34.83299812""","=""""","=""0.00000025""","=""  63                            :    27  2s2.2p4.(3P).3d    4P    ""","=""010002.000042""","=""L9088"""
"=""2s2.2p4.(3P).3d""","=""2F""","=""7/2""",8,"=""""","=""34.7480986""","=""""","=""0.0000004""","=""  55                            :    45  2s2.2p4.(3P).3d    4F    ""","=""010002.000036""","=""L9088"""
"=""2s2.2p4.(3P).3d""","=""2F""","=""5/2""",6,"=""""","=""34.84277499""","=""""","=""0.00000025""","=""  67                            :    19  2s2.2p4.(3P).3d    4P    ""","=""010002.000044""","=""L9088"""
"=""2s2.2p4.(3P).3d""","=""2D""","=""5/2""",6,"=""""","=""34.7489205""","=""""","=""0.0000004""","=""  58                            :    21  2s2.2p4.(3P).3d    2F    ""","=""010002.000037""","=""L9088"""
"=""2s2.2p4.(3P).3d""","=""2D""","=""3/2""",4,"=""""","=""34.77428890""","=""""","=""0.00000025""","=""  68                            :    18  2s2.2p4.(3P).3d    4F    ""","=""010002.000038""","=""L9088"""
"=""2s2.2p4.(3P).3d""","=""4P""","=""1/2""",2,"=""""","=""34.81085841""","=""""","=""0.00000025""","=""  96                                                              ""","=""010002.000040""","=""L9088"""
"=""2s2.2p4.(3P).3d""","=""4P""","=""3/2""",4,"=""""","=""34.83826076""","=""""","=""0.00000025""","=""  58                            :    21  2s2.2p4.(3P).3d    2D    ""","=""010002.000043""","=""L9088"""
"=""2s2.2p4.(3P).3d""","=""4P""","=""5/2""",6,"=""""","=""34.86080527""","=""""","=""0.00000025""","=""  64                            :    12  2s2.2p4.(3P).3d    2D    ""","=""010002.000045""","=""L9088"""
"=""2s2.2p4.(3P).3d""","=""2P""","=""1/2""",2,"=""""","=""34.8807871""","=""""","=""0.0000004""","=""  96                                                              ""","=""010002.000046""","=""L9088"""
"=""2s2.2p4.(3P).3d""","=""2P""","=""3/2""",4,"=""""","=""34.92886254""","=""""","=""0.00000025""","=""  88                            :     7  2s2.2p4.(3P).3d    2D    ""","=""010002.000047""","=""L9088"""
"=""2s2.2p4.(3P).4s""","=""4P""","=""5/2""",6,"=""""","=""34.96332866""","=""""","=""0.00000025""","=""  90                            :    10  2s2.2p4.(3P).3d    4P    ""","=""010002.000048""","=""L9088"""
"=""2s2.2p4.(3P).4s""","=""4P""","=""3/2""",4,"=""""","=""35.01007584""","=""""","=""0.00000025""","=""  91                            :     5  2s2.2p4.(3P).4s    2P    ""","=""010002.000049""","=""L9088"""
"=""2s2.2p4.(3P).4s""","=""4P""","=""1/2""",2,"=""""","=""35.04793112""","=""""","=""0.00000025""","=""  97                                                              ""","=""010002.000050""","=""L9088"""
"=""2s2.2p4.(3P).4s""","=""2P""","=""3/2""",4,"=""""","=""35.12749222""","=""""","=""0.00000025""","=""  93                            :     5  2s2.2p4.(3P).4s    4P    ""","=""010002.000051""","=""L9088"""
"=""2s2.2p4.(3P).4s""","=""2P""","=""1/2""",2,"=""""","=""35.19841919""","=""""","=""0.00000025""","=""  98                                                              ""","=""010002.000052""","=""L9088"""
"=""2s2.2p4.(3P).4p""","=""4P*""","=""5/2""",6,"=""""","=""36.00153059""","=""""","=""0.00000025""","=""  95                            :     5  2s2.2p4.(3P).4p    4D*   ""","=""010002.000053""","=""L9088"""
"=""2s2.2p4.(3P).4p""","=""4P*""","=""3/2""",4,"=""""","=""36.02771897""","=""""","=""0.00000025""","=""  94                                                              ""","=""010002.000054""","=""L9088"""
"=""2s2.2p4.(3P).4p""","=""4P*""","=""1/2""",2,"=""""","=""36.05507591""","=""""","=""0.00000025""","=""  97                                                              ""","=""010002.000055""","=""L9088"""
"=""2s2.2p4.(3P).4p""","=""4D*""","=""7/2""",8,"=""""","=""36.1044477""","=""""","=""0.0000004""","="" 100                                                              ""","=""010002.000056""","=""L9088"""
"=""2s2.2p4.(3P).4p""","=""4D*""","=""5/2""",6,"=""""","=""36.14077610""","=""""","=""0.00000025""","=""  80                            :    17  2s2.2p4.(3P).4p    2D*   ""","=""010002.000057""","=""L9088"""
"=""2s2.2p4.(3P).4p""","=""4D*""","=""3/2""",4,"=""""","=""36.1788195""","=""""","=""0.0000004""","=""  91                            :     5  2s2.2p4.(3P).4p    2D*   ""","=""010002.000058""","=""L9088"""
"=""2s2.2p4.(3P).4p""","=""4D*""","=""1/2""",2,"=""""","=""36.1994328""","=""""","=""0.0000004""","=""  98                                                              ""","=""010002.000059""","=""L9088"""
"=""2s2.2p4.(3P).4p""","=""2D*""","=""5/2""",6,"=""""","=""36.2074931""","=""""","=""0.0000004""","=""  83                            :    15  2s2.2p4.(3P).4p    4D*   ""","=""010002.000060""","=""L9088"""
"=""2s2.2p4.(3P).4p""","=""2D*""","=""3/2""",4,"=""""","=""36.25939694""","=""""","=""0.00000025""","=""  93                            :     6  2s2.2p4.(3P).4p    4D*   ""","=""010002.000061""","=""L9088"""
"=""2s2.2p4.(3P).4p""","=""2S*""","=""1/2""",2,"=""""","=""36.2711665""","=""""","=""0.0000004""","=""  95                                                              ""","=""010002.000062""","=""L9088"""
"=""2s2.2p4.(3P).4p""","=""4S*""","=""3/2""",4,"=""""","=""36.2841366""","=""""","=""0.0000007""","=""  96                                                              ""","=""010002.000063""","=""L9088"""
"=""2s2.2p4.(3P).4p""","=""2P*""","=""3/2""",4,"=""""","=""36.46207411""","=""""","=""0.00000025""","=""  91                                                              ""","=""010002.000064""","=""L9088"""
"=""2s2.2p4.(3P).4p""","=""2P*""","=""1/2""",2,"=""""","=""36.4926649""","=""""","=""0.0000004""","=""  90                                                              ""","=""010002.000065""","=""L9088"""
"=""2s2.2p4.(3P).4d""","=""4D""","=""7/2""",8,"=""""","=""37.4185624""","=""""","=""0.0000004""","=""  87                            :    11  2s2.2p4.(3P).4d    4F    ""","=""010002.000066""","=""L9088"""
"=""2s2.2p4.(3P).4d""","=""4D""","=""5/2""",6,"=""""","=""37.4253334""","=""""","=""0.0000004""","=""  84                            :     8  2s2.2p4.(3P).4d    4P    ""","=""010002.000067""","=""L9088"""
"=""2s2.2p4.(3P).4d""","=""4D""","=""3/2""",4,"=""""","=""37.4367781""","=""""","=""0.0000004""","=""  81                            :    13  2s2.2p4.(3P).4d    4P    ""","=""010002.000068""","=""L9088"""
"=""2s2.2p4.(3P).4d""","=""4D""","=""1/2""",2,"=""""","=""37.4503262""","=""""","=""0.0000004""","=""  83                            :    11  2s2.2p4.(3P).4d    4P    ""","=""010002.000069""","=""L9088"""
"=""2s2.2p4.(3P).4d""","=""4F""","=""9/2""",10,"=""""","=""37.4671457""","=""""","=""0.0000004""","="" 100                                                              ""","=""010002.000070""","=""L9088"""
"=""2s2.2p4.(3P).4d""","=""4F""","=""7/2""",8,"=""""","=""37.5363133""","=""""","=""0.0000004""","=""  58                            :    30  2s2.2p4.(3P).4d    2F    ""","=""010002.000075""","=""L9088"""
"=""2s2.2p4.(3P).4d""","=""4F""","=""5/2""",6,"=""""","=""37.5472841""","=""""","=""0.0000004""","=""  60                            :    24  2s2.2p4.(3P).4d    2D    ""","=""010002.000080""","=""L9088"""
"=""2s2.2p4.(3P).4d""","=""4F""","=""3/2""",4,"=""""","=""37.5623819""","=""""","=""0.0000004""","=""  78                            :    15  2s2.2p4.(3P).4d    2P    ""","=""010002.000088""","=""L9088"""
"=""2s2.2p4.(3P).4d""","=""2F""","=""7/2""",8,"=""""","=""37.4739467""","=""""","=""0.0000004""","=""  68                            :    31  2s2.2p4.(3P).4d    4F    ""","=""010002.000071""","=""L9088"""
"=""2s2.2p4.(3P).4d""","=""2F""","=""5/2""",6,"=""""","=""37.5536404""","=""""","=""0.0000004""","=""  38                            :    25  2s2.2p4.(3P).5s    4P    ""","=""010002.000083""","=""L9088"""
"=""2s2.2p4.(3P).4d""","=""2D""","=""5/2""",6,"=""""","=""37.4813807""","=""""","=""0.0000004""","=""  54                            :    23  2s2.2p4.(3P).4d    2F    ""","=""010002.000072""","=""L9088"""
"=""2s2.2p4.(3P).4d""","=""2D""","=""3/2""",4,"=""""","=""37.4960221""","=""""","=""0.0000004""","=""  44                            :    31  2s2.2p4.(3P).4d    4P    ""","=""010002.000073""","=""L9088"""
"=""2s2.2p4.(3P).4d""","=""4P""","=""1/2""",2,"=""""","=""37.5021924""","=""""","=""0.0000004""","=""  81                            :    13  2s2.2p4.(3P).4d    2P    ""","=""010002.000074""","=""L9088"""
"=""2s2.2p4.(3P).4d""","=""4P""","=""3/2""",4,"=""""","=""37.5445181""","=""""","=""0.0000004""","=""  52                            :    24  2s2.2p4.(3P).4d    2D    ""","=""010002.000076""","=""L9088"""
"=""2s2.2p4.(3P).4d""","=""4P""","=""5/2""",6,"=""""","=""37.5761142""","=""""","=""0.0000004""","=""  47                            :    30  2s2.2p4.(3P).4d    2F    ""","=""010002.000091""","=""L9088"""
"=""2s2.2p4.(3P<2>).4f""","=""2[4]*""","=""9/2""",10,"=""""","=""37.5460164""","=""""","=""0.0000005""","=""  99                                                              ""","=""010002.000077""","=""L9088"""
"=""2s2.2p4.(3P<2>).4f""","=""2[4]*""","=""7/2""",8,"=""""","=""37.5462806""","=""""","=""0.0000004""","=""  96                                                              ""","=""010002.000078""","=""L9088"""
"=""2s2.2p4.(3P).4d""","=""2P""","=""1/2""",2,"=""""","=""37.5463535""","=""""","=""0.0000004""","=""  78                            :    12  2s2.2p4.(3P).4d    4D    ""","=""010002.000079""","=""L9088"""
"=""2s2.2p4.(3P).4d""","=""2P""","=""3/2""",4,"=""""","=""37.5967073""","=""""","=""0.0000004""","=""  57                            :    24  2s2.2p4.(3P).4d    2D    ""","=""010002.000092""","=""L9088"""
"=""2s2.2p4.(3P<2>).4f""","=""2[3]*""","=""7/2""",8,"=""""","=""37.5478097""","=""""","=""0.0000005""","=""  96                                                              ""","=""010002.000081""","=""L9088"""
"=""2s2.2p4.(3P<2>).4f""","=""2[3]*""","=""5/2""",6,"=""""","=""37.5478811""","=""""","=""0.0000004""","=""  99                                                              ""","=""010002.000082""","=""L9088"""
"=""2s2.2p4.(3P<2>).4f""","=""2[2]*""","=""3/2""",4,"=""""","=""37.5551307""","=""""","=""0.0000005""","=""  98                                                              ""","=""010002.000084""","=""L9088"""
"=""2s2.2p4.(3P<2>).4f""","=""2[2]*""","=""5/2""",6,"=""""","=""37.5552644""","=""""","=""0.0000005""","=""  98                                                              ""","=""010002.000085""","=""L9088"""
"=""2s2.2p4.(3P<2>).4f""","=""2[5]*""","=""9/2""",10,"=""""","=""37.5591893""","=""""","=""0.0000004""","="" 100                                                              ""","=""010002.000086""","=""L9088"""
"=""2s2.2p4.(3P<2>).4f""","=""2[5]*""","=""11/2""",12,"=""""","=""37.5591918""","=""""","=""0.0000005""","="" 100                                                              ""","=""010002.000087""","=""L9088"""
"=""2s2.2p4.(3P<2>).4f""","=""2[1]*""","=""1/2""",2,"=""""","=""37.5658308""","=""""","=""0.0000011""","="" 100                                                              ""","=""010002.000089""","=""L9088"""
"=""2s2.2p4.(3P<2>).4f""","=""2[1]*""","=""3/2""",4,"=""""","=""37.5659481""","=""""","=""0.0000005""","="" 100                                                              ""","=""010002.000090""","=""L9088"""
"=""2s2.2p4.(3P).5s""","=""4P""","=""5/2""",6,"=""""","=""37.6019142""","=""""","=""0.0000004""","=""  65                            :    24  2s2.2p4.(3P).4d    4P    ""","=""010002.000093""","=""L9088"""
"=""2s2.2p4.(3P).5s""","=""4P""","=""3/2""",4,"=""""","=""37.6314588""","=""""","=""0.0000004""","=""  61                            :    29  2s2.2p4.(3P).5s    2P    ""","=""010002.000096""","=""L9088"""
"=""2s2.2p4.(3P).5s""","=""4P""","=""1/2""",2,"=""""","=""37.6822788""","=""""","=""0.0000004""","=""  92                            :     7  2s2.2p4.(3P).5s    2P    ""","=""010002.000103""","=""L9088"""
"=""2s2.2p4.(3P<1>).4f""","=""2[2]*""","=""3/2""",4,"=""""","=""37.6302529""","=""""","=""0.0000005""","=""  98                                                              ""","=""010002.000094""","=""L9088"""
"=""2s2.2p4.(3P<1>).4f""","=""2[2]*""","=""5/2""",6,"=""""","=""37.6303838""","=""""","=""0.0000004""","=""  98                                                              ""","=""010002.000095""","=""L9088"""
"=""2s2.2p4.(3P<1>).4f""","=""2[4]*""","=""9/2""",10,"=""""","=""37.6326419""","=""""","=""0.0000004""","=""  99                                                              ""","=""010002.000097""","=""L9088"""
"=""2s2.2p4.(3P<1>).4f""","=""2[4]*""","=""7/2""",8,"=""""","=""37.6327393""","=""""","=""0.0000004""","=""  99                                                              ""","=""010002.000098""","=""L9088"""
"=""2s2.2p4.(3P<1>).4f""","=""2[3]*""","=""7/2""",8,"=""""","=""37.6415915""","=""""","=""0.0000004""","="" 100                                                              ""","=""010002.000099""","=""L9088"""
"=""2s2.2p4.(3P<1>).4f""","=""2[3]*""","=""5/2""",6,"=""""","=""37.6416644""","=""""","=""0.0000005""","="" 100                                                              ""","=""010002.000100""","=""L9088"""
"=""2s2.2p4.(3P<0>).4f""","=""2[3]*""","=""7/2""",8,"=""""","=""37.6694014""","=""""","=""0.0000004""","=""  99                                                              ""","=""010002.000101""","=""L9088"""
"=""2s2.2p4.(3P<0>).4f""","=""2[3]*""","=""5/2""",6,"=""""","=""37.6694582""","=""""","=""0.0000004""","=""  99                                                              ""","=""010002.000102""","=""L9088"""
"=""2s2.2p4.(3P).5s""","=""2P""","=""3/2""",4,"=""""","=""37.6880053""","=""""","=""0.0000004""","=""  64                            :    34  2s2.2p4.(3P).5s    4P    ""","=""010002.000104""","=""L9088"""
"=""2s2.2p4.(3P).5s""","=""2P""","=""1/2""",2,"=""""","=""37.7457753""","=""""","=""0.0000004""","=""  92                            :     7  2s2.2p4.(3P).5s    4P    ""","=""010002.000105""","=""L9088"""
"=""2s2.2p4.(1D).3d""","=""2G""","=""9/2""",10,"=""""","=""37.8603113""","=""""","=""0.0000004""","="" 100                                                              ""","=""010002.000106""","=""L9088"""
"=""2s2.2p4.(1D).3d""","=""2G""","=""7/2""",8,"=""""","=""37.8604491""","=""""","=""0.0000005""","="" 100                                                              ""","=""010002.000107""","=""L9088"""
"=""2s2.2p4.(1S).3p""","=""2P*""","=""3/2""",4,"=""""","=""37.8646002""","=""""","=""0.0000004""","=""  92                            :     5  2s2.2p4.(3P).5p    2P*   ""","=""010002.000108""","=""L9088"""
"=""2s2.2p4.(1S).3p""","=""2P*""","=""1/2""",2,"=""""","=""37.8658278""","=""""","=""0.0000006""","=""  93                                                              ""","=""010002.000109""","=""L9088"""
"=""2s2.2p4.(1D).3d""","=""2P""","=""3/2""",4,"=""""","=""37.8854700""","=""""","=""0.0000004""","=""  97                                                              ""","=""010002.000110""","=""L9088"""
"=""2s2.2p4.(1D).3d""","=""2P""","=""1/2""",2,"=""""","=""37.8873702""","=""""","=""0.0000006""","=""  97                                                              ""","=""010002.000111""","=""L9088"""
"=""2s2.2p4.(1D).3d""","=""2S""","=""1/2""",2,"=""""","=""37.9405355""","=""""","=""0.0000004""","=""  98                                                              ""","=""010002.000112""","=""L9088"""
"=""2s2.2p4.(1D).3d""","=""2D""","=""5/2""",6,"=""""","=""37.9693434""","=""""","=""0.0000004""","=""  96                                                              ""","=""010002.000113""","=""L9088"""
"=""2s2.2p4.(1D).3d""","=""2D""","=""3/2""",4,"=""""","=""37.9717422""","=""""","=""0.0000005""","=""  96                                                              ""","=""010002.000114""","=""L9088"""
"=""2s2.2p4.(1D).3d""","=""2F""","=""5/2""",6,"=""""","=""38.0243755""","=""""","=""0.0000004""","="" 100                                                              ""","=""010002.000115""","=""L9088"""
"=""2s2.2p4.(1D).3d""","=""2F""","=""7/2""",8,"=""""","=""38.0244230""","=""""","=""0.0000004""","="" 100                                                              ""","=""010002.000116""","=""L9088"""
"=""2s2.2p4.(3P).5p""","=""4P*""","=""5/2""",6,"=""""","=""38.0506625""","=""""","=""0.0000004""","=""  88                            :    11  2s2.2p4.(3P).5p    4D*   ""","=""010002.000117""","=""L9088"""
"=""2s2.2p4.(3P).5p""","=""4P*""","=""3/2""",4,"=""""","=""38.0718040""","=""""","=""0.0000004""","=""  83                            :     9  2s2.2p4.(3P).5p    4S*   ""","=""010002.000118""","=""L9088"""
"=""2s2.2p4.(3P).5p""","=""4P*""","=""1/2""",2,"=""""","=""38.1015169""","=""""","=""0.0000004""","=""  85                            :    10  2s2.2p4.(3P).5p    2S*   ""","=""010002.000120""","=""L9088"""
"=""2s2.2p4.(3P).5p""","=""4D*""","=""7/2""",8,"=""""","=""38.0929919""","=""""","=""0.0000004""","="" 100                                                              ""","=""010002.000119""","=""L9088"""
"=""2s2.2p4.(3P).5p""","=""4D*""","=""3/2""",4,"=""""","=""38.1591977""","=""""","=""0.0000004""","=""  63                            :    21  2s2.2p4.(3P).5p    2D*   ""","=""010002.000122""","=""L9088"""
"=""2s2.2p4.(3P).5p""","=""4D*""","=""5/2""",6,"=""""","=""38.1740924""","=""""","=""0.0000004""","=""  46  2D*                       :    45  2s2.2p4.(3P).5p    4D*   ""","=""010002.000123""","=""L9088"""
"=""2s2.2p4.(3P).5p""","=""4D*""","=""1/2""",2,"=""""","=""38.1899796""","=""""","=""0.0000004""","=""  94                                                              ""","=""010002.000125""","=""L9088"""
"=""2s2.2p4.(3P).5p""","=""2D*""","=""5/2""",6,"=""""","=""38.1153245""","=""""","=""0.0000004""","=""  53                            :    44  2s2.2p4.(3P).5p    4D*   ""","=""010002.000121""","=""L9088"""
"=""2s2.2p4.(3P).5p""","=""2D*""","=""3/2""",4,"=""""","=""38.2091012""","=""""","=""0.0000004""","=""  65                            :    26  2s2.2p4.(3P).5p    4D*   ""","=""010002.000129""","=""L9088"""
"=""2s2.2p4.(3P).5p""","=""2S*""","=""1/2""",2,"=""""","=""38.1879819""","=""""","=""0.0000004""","=""  82                            :    11  2s2.2p4.(3P).5p    4P*   ""","=""010002.000124""","=""L9088"""
"=""2s2.2p4.(1D).4s""","=""2D""","=""5/2""",6,"=""""","=""38.1996861""","=""""","=""0.0000004""","=""  97                                                              ""","=""010002.000126""","=""L9088"""
"=""2s2.2p4.(1D).4s""","=""2D""","=""3/2""",4,"=""""","=""38.1997309""","=""""","=""0.0000004""","=""  97                                                              ""","=""010002.000127""","=""L9088"""
"=""2s2.2p4.(3P).5p""","=""4S*""","=""3/2""",4,"=""""","=""38.2041026""","=""""","=""0.0000004""","=""  78                            :    12  2s2.2p4.(3P).5p    4P*   ""","=""010002.000128""","=""L9088"""
"=""2s2.2p4.(3P).5p""","=""2P*""","=""3/2""",4,"=""""","=""38.2786348""","=""""","=""0.0000004""","=""  75                            :    11  2s2.2p4.(3P).5p    2D*   ""","=""010002.000130""","=""L9088"""
"=""2s2.2p4.(3P).5p""","=""2P*""","=""1/2""",2,"=""""","=""38.3082452""","=""""","=""0.0000004""","=""  82                            :     8  2s2.2p4.(3P).5p    2S*   ""","=""010002.000131""","=""L9088"""
"=""2s2.2p4.(3P).5d""","=""4D""","=""7/2""",8,"=""""","=""38.7107823""","=""""","=""0.0000004""","=""  79                            :    17  2s2.2p4.(3P).5d    4F    ""","=""010002.000132""","=""L9088"""
"=""2s2.2p4.(3P).5d""","=""4D""","=""5/2""",6,"=""""","=""38.7150642""","=""""","=""0.0000004""","=""  75                            :    14  2s2.2p4.(3P).5d    4P    ""","=""010002.000133""","=""L9088"""
"=""2s2.2p4.(3P).5d""","=""4D""","=""3/2""",4,"=""""","=""38.7234437""","=""""","=""0.0000004""","=""  65                            :    26  2s2.2p4.(3P).5d    4P    ""","=""010002.000134""","=""L9088"""
"=""2s2.2p4.(3P).5d""","=""4D""","=""1/2""",2,"=""""","=""38.7345146""","=""""","=""0.0000005""","=""  52                            :    39  2s2.2p4.(3P).5d    4P    ""","=""010002.000136""","=""L9088"""
"=""2s2.2p4.(3P).5d""","=""4F""","=""9/2""",10,"=""""","=""38.7336086""","=""""","=""0.0000004""","="" 100                                                              ""","=""010002.000135""","=""L9088"""
"=""2s2.2p4.(3P).5d""","=""4F""","=""7/2""",8,"=""""","=""38.8063550""","=""""","=""0.0000004""","=""  57                            :    23  2s2.2p4.(3P).5d    2F    ""","=""010002.000162""","=""L9088"""
"=""2s2.2p4.(3P).5d""","=""4F""","=""5/2""",6,"=""""","=""38.8160168""","=""""","=""0.0000004""","=""  52                            :    27  2s2.2p4.(3P).5d    2D    ""","=""010002.000165""","=""L9088"""
"=""2s2.2p4.(3P).5d""","=""4F""","=""3/2""",4,"=""""","=""38.8229897""","=""""","=""0.0000004""","=""  63                            :    21  2s2.2p4.(3P).5d    2P    ""","=""010002.000166""","=""L9088"""
"=""2s2.2p4.(3P).5d""","=""2F""","=""7/2""",8,"=""""","=""38.7377045""","=""""","=""0.0000004""","=""  73                            :    26  2s2.2p4.(3P).5d    4F    ""","=""010002.000137""","=""L9088"""
"=""2s2.2p4.(3P).5d""","=""2F""","=""5/2""",6,"=""""","=""38.8499635""","=""""","=""0.0000004""","=""  33                            :    27  2s2.2p4.(3P).5d    4P    ""","=""010002.000169""","=""L9088"""
"=""2s2.2p4.(3P).5d""","=""2D""","=""5/2""",6,"=""""","=""38.7456240""","=""""","=""0.0000004""","=""  55                            :    23  2s2.2p4.(3P).5d    2F    ""","=""010002.000138""","=""L9088"""
"=""2s2.2p4.(3P).5d""","=""2D""","=""3/2""",4,"=""""","=""38.7542089""","=""""","=""0.0000004""","=""  39                            :    30  2s2.2p4.(3P).5d    4P    ""","=""010002.000139""","=""L9088"""
"=""2s2.2p4.(3P).5d""","=""4P""","=""1/2""",2,"=""""","=""38.7556217""","=""""","=""0.0000005""","=""  51                            :    35  2s2.2p4.(3P).5d    2P    ""","=""010002.000140""","=""L9088"""
"=""2s2.2p4.(3P).5d""","=""4P""","=""3/2""",4,"=""""","=""38.8097589""","=""""","=""0.0000004""","=""  40                            :    27  2s2.2p4.(3P).5d    4D    ""","=""010002.000164""","=""L9088"""
"=""2s2.2p4.(3P).5d""","=""4P""","=""5/2""",6,"=""""","=""38.8242289""","=""""","=""0.0000004""","=""  41                            :    30  2s2.2p4.(3P).5d    2F    ""","=""010002.000167""","=""L9088"""
"=""2s2.2p4.(3P<2>).5f""","=""2[4]*""","=""9/2""",10,"=""""","=""38.7777806""","=""""","=""0.0000006""","="" 100                                                              ""","=""010002.000141""","=""L9088"""
"=""2s2.2p4.(3P<2>).5f""","=""2[4]*""","=""7/2""",8,"=""""","=""38.7779776""","=""""","=""0.0000005""","=""  94                            :     6  2s2.2p4.(3P<2>).5f 2[3]* ""","=""010002.000142""","=""L9088"""
"=""2s2.2p4.(3P<2>).5f""","=""2[3]*""","=""7/2""",8,"=""""","=""38.7787847""","=""""","=""0.0000006""","=""  94                            :     6  2s2.2p4.(3P<2>).5f 2[4]* ""","=""010002.000143""","=""L9088"""
"=""2s2.2p4.(3P<2>).5f""","=""2[3]*""","=""5/2""",6,"=""""","=""38.7788391""","=""""","=""0.0000006""","=""  99                                                              ""","=""010002.000144""","=""L9088"""
"=""2s2.2p4.(3P<2>).5f""","=""2[2]*""","=""3/2""",4,"=""""","=""38.7827565""","=""""","=""0.0000006""","=""  99                                                              ""","=""010002.000145""","=""L9088"""
"=""2s2.2p4.(3P<2>).5f""","=""2[2]*""","=""5/2""",6,"=""""","=""38.7828416""","=""""","=""0.0000006""","=""  99                                                              ""","=""010002.000146""","=""L9088"""
"=""2s2.2p4.(3P<2>).5g""","=""2[5]""","=""9/2""",10,"=""""","=""38.7835808""","=""""","=""0.0000025""","="" 100                                                              ""","=""010002.000147""","=""L9088"""
"=""2s2.2p4.(3P<2>).5g""","=""2[5]""","=""11/2""",12,"=""""","=""38.7835817""","=""""","=""0.0000005""","="" 100                                                              ""","=""010002.000148""","=""L9088"""
"=""2s2.2p4.(3P<2>).5g""","=""2[4]""","=""7/2""",8,"=""""","=""38.7836930""","=""""","=""0.0000006""","="" 100                                                              ""","=""010002.000149""","=""L9088"""
"=""2s2.2p4.(3P<2>).5g""","=""2[4]""","=""9/2""",10,"=""""","=""38.7836960""","=""""","=""0.0000005""","="" 100                                                              ""","=""010002.000150""","=""L9088"""
"=""2s2.2p4.(3P<2>).5f""","=""2[5]*""","=""11/2""",12,"=""""","=""38.7843216""","=""""","=""0.0000005""","="" 100                                                              ""","=""010002.000151""","=""L9088"""
"=""2s2.2p4.(3P<2>).5f""","=""2[5]*""","=""9/2""",10,"=""""","=""38.7843264""","=""""","=""0.0000005""","="" 100                                                              ""","=""010002.000152""","=""L9088"""
"=""2s2.2p4.(3P<2>).5g""","=""2[3]""","=""5/2""",6,"=""""","=""38.7853272""","=""""","=""0.0000007""","="" 100                                                              ""","=""010002.000153""","=""L9088"""
"=""2s2.2p4.(3P<2>).5g""","=""2[3]""","=""7/2""",8,"=""""","=""38.7853291""","=""""","=""0.0000006""","="" 100                                                              ""","=""010002.000154""","=""L9088"""
"=""2s2.2p4.(3P<2>).5g""","=""2[6]""","=""11/2""",12,"=""""","=""38.7864002""","=""""","=""0.0000007""","="" 100                                                              ""","=""010002.000155""","=""L9088"""
"=""2s2.2p4.(3P<2>).5g""","=""2[6]""","=""13/2""",14,"=""""","=""38.7864024""","=""""","=""0.0000007""","="" 100                                                              ""","=""010002.000156""","=""L9088"""
"=""2s2.2p4.(3P<2>).5g""","=""2[2]""","=""3/2""",4,"=""""","=""38.787601""","=""""","=""0.000004""","="" 100                                                              ""","=""010002.000157""","=""L9088"""
"=""2s2.2p4.(3P<2>).5g""","=""2[2]""","=""5/2""",6,"=""""","=""38.7876037""","=""""","=""0.0000010""","="" 100                                                              ""","=""010002.000158""","=""L9088"""
"=""2s2.2p4.(3P<2>).5f""","=""2[1]*""","=""1/2""",2,"=""""","=""38.7876635""","=""""","=""0.0000010""","="" 100                                                              ""","=""010002.000159""","=""L9088"""
"=""2s2.2p4.(3P<2>).5f""","=""2[1]*""","=""3/2""",4,"=""""","=""38.7877813""","=""""","=""0.0000009""","="" 100                                                              ""","=""010002.000160""","=""L9088"""
"=""2s2.2p4.(3P).6s""","=""4P""","=""5/2""",6,"=""""","=""38.7950853""","=""""","=""0.0000004""","=""  87                            :     7  2s2.2p4.(3P).5d    4P    ""","=""010002.000161""","=""L9088"""
"=""2s2.2p4.(3P).6s""","=""4P""","=""3/2""",4,"=""""","=""38.8879095""","=""""","=""0.0000004""","=""  62                            :    36  2s2.2p4.(3P).6s    2P    ""","=""010002.000183""","=""L9088"""
"=""2s2.2p4.(3P).6s""","=""4P""","=""1/2""",2,"=""""","=""38.8938561""","=""""","=""0.0000004""","=""  78                            :    22  2s2.2p4.(3P).6s    2P    ""","=""010002.000184""","=""L9088"""
"=""2s2.2p4.(3P).5d""","=""2P""","=""1/2""",2,"=""""","=""38.8078231""","=""""","=""0.0000005""","=""  55                            :    34  2s2.2p4.(3P).5d    4D    ""","=""010002.000163""","=""L9088"""
"=""2s2.2p4.(3P).5d""","=""2P""","=""3/2""",4,"=""""","=""38.8598104""","=""""","=""0.0000004""","=""  48                            :    28  2s2.2p4.(3P).5d    2D    ""","=""010002.000172""","=""L9088"""
"=""2s2.2p4.(3P).6s""","=""2P""","=""3/2""",4,"=""""","=""38.8293979""","=""""","=""0.0000004""","=""  52                            :    29  2s2.2p4.(3P).6s    4P    ""","=""010002.000168""","=""L9088"""
"=""2s2.2p4.(3P).6s""","=""2P""","=""1/2""",2,"=""""","=""38.9333832""","=""""","=""0.0000004""","=""  78                            :    22  2s2.2p4.(3P).6s    4P    ""","=""010002.000189""","=""L9088"""
"=""2s2.2p4.(3P<1>).5f""","=""2[2]*""","=""3/2""",4,"=""""","=""38.8590081""","=""""","=""0.0000025""","=""  99                                                              ""","=""010002.000170""","=""L9088"""
"=""2s2.2p4.(3P<1>).5f""","=""2[2]*""","=""5/2""",6,"=""""","=""38.8591320""","=""""","=""0.0000007""","=""  99                                                              ""","=""010002.000171""","=""L9088"""
"=""2s2.2p4.(3P<1>).5f""","=""2[4]*""","=""9/2""",10,"=""""","=""38.8605494""","=""""","=""0.0000006""","="" 100                                                              ""","=""010002.000173""","=""L9088"""
"=""2s2.2p4.(3P<1>).5f""","=""2[4]*""","=""7/2""",8,"=""""","=""38.8606478""","=""""","=""0.0000007""","="" 100                                                              ""","=""010002.000174""","=""L9088"""
"=""2s2.2p4.(3P<1>).5g""","=""2[3]""","=""5/2""",6,"=""""","=""38.8637778""","=""""","=""0.0000007""","="" 100                                                              ""","=""010002.000175""","=""L9088"""
"=""2s2.2p4.(3P<1>).5g""","=""2[3]""","=""7/2""",8,"=""""","=""38.8637841""","=""""","=""0.0000025""","="" 100                                                              ""","=""010002.000176""","=""L9088"""
"=""2s2.2p4.(3P<1>).5g""","=""2[5]""","=""9/2""",10,"=""""","=""38.8643291""","=""""","=""0.0000025""","="" 100                                                              ""","=""010002.000177""","=""L9088"""
"=""2s2.2p4.(3P<1>).5g""","=""2[5]""","=""11/2""",12,"=""""","=""38.8643301""","=""""","=""0.0000005""","="" 100                                                              ""","=""010002.000178""","=""L9088"""
"=""2s2.2p4.(3P<1>).5f""","=""2[3]*""","=""7/2""",8,"=""""","=""38.8653146""","=""""","=""0.0000007""","="" 100                                                              ""","=""010002.000179""","=""L9088"""
"=""2s2.2p4.(3P<1>).5f""","=""2[3]*""","=""5/2""",6,"=""""","=""38.8653769""","=""""","=""0.0000010""","="" 100                                                              ""","=""010002.000180""","=""L9088"""
"=""2s2.2p4.(3P<1>).5g""","=""2[4]""","=""7/2""",8,"=""""","=""38.8665890""","=""""","=""0.0000006""","="" 100                                                              ""","=""010002.000181""","=""L9088"""
"=""2s2.2p4.(3P<1>).5g""","=""2[4]""","=""9/2""",10,"=""""","=""38.8665929""","=""""","=""0.0000005""","="" 100                                                              ""","=""010002.000182""","=""L9088"""
"=""2s2.2p4.(3P<0>).5f""","=""2[3]*""","=""7/2""",8,"=""""","=""38.8961927""","=""""","=""0.0000009""","="" 100                                                              ""","=""010002.000185""","=""L9088"""
"=""2s2.2p4.(3P<0>).5f""","=""2[3]*""","=""5/2""",6,"=""""","=""38.8962421""","=""""","=""0.0000016""","="" 100                                                              ""","=""010002.000186""","=""L9088"""
"=""2s2.2p4.(3P<0>).5g""","=""2[4]""","=""7/2""",8,"=""""","=""38.8993595""","=""""","=""0.0000005""","="" 100                                                              ""","=""010002.000187""","=""L9088"""
"=""2s2.2p4.(3P<0>).5g""","=""2[4]""","=""9/2""",10,"=""""","=""38.899365""","=""""","=""0.000004""","="" 100                                                              ""","=""010002.000188""","=""L9088"""
"=""2s2.2p4.(3P).6p""","=""4P*""","=""5/2""",6,"=""""","=""39.0460582""","=""""","=""0.0000005""","=""  83                            :    16  2s2.2p4.(3P).6p    4D*   ""","=""010002.000190""","=""L9088"""
"=""2s2.2p4.(3P).6p""","=""4P*""","=""3/2""",4,"=""""","=""39.0599954""","=""""","=""0.0000005""","=""  70                            :    17  2s2.2p4.(3P).6p    4S*   ""","=""010002.000191""","=""L9088"""
"=""2s2.2p4.(3P).6p""","=""4P*""","=""1/2""",2,"=""""","=""39.1294269""","=""""","=""0.0000006""","=""  50                            :    26  2s2.2p4.(3P).6p    2P*   ""","=""010002.000195""","=""L9088"""
"=""2s2.2p4.(3P).6p""","=""4D*""","=""7/2""",8,"=""""","=""39.0674208""","=""""","=""0.0000004""","="" 100                                                              ""","=""010002.000192""","=""L9088"""
"=""2s2.2p4.(3P).6p""","=""4D*""","=""5/2""",6,"=""""","=""39.1456464""","=""""","=""0.0000005""","=""  56                            :    30  2s2.2p4.(3P).6p    2D*   ""","=""010002.000196""","=""L9088"""
"=""2s2.2p4.(3P).6p""","=""4D*""","=""1/2""",2,"=""""","=""39.1568211""","=""""","=""0.0000005""","=""  68                            :    23  2s2.2p4.(3P).6p    2S*   ""","=""010002.000197""","=""L9088"""
"=""2s2.2p4.(3P).6p""","=""2D*""","=""5/2""",6,"=""""","=""39.0801608""","=""""","=""0.0000005""","=""  69                            :    28  2s2.2p4.(3P).6p    4D*   ""","=""010002.000193""","=""L9088"""
"=""2s2.2p4.(3P).6p""","=""2D*""","=""3/2""",4,"=""""","=""39.1855257""","=""""","=""0.0000005""","=""  47                            :    14  2s2.2p4.(3P).6p    4D*   ""","=""010002.000199""","=""L9088"""
"=""2s2.2p4.(3P).6p""","=""2S*""","=""1/2""",2,"=""""","=""39.0849488""","=""""","=""0.0000005""","=""  45  4P*                       :    32  2s2.2p4.(3P).6p    2S*   ""","=""010002.000194""","=""L9088"""
"=""2s2.2p4.(3P).6p""","=""4S*""","=""3/2""",4,"=""""","=""39.1609808""","=""""","=""0.0000005""","=""  53                            :    30  2s2.2p4.(3P).6p    2D*   ""","=""010002.000198""","=""L9088"""
"=""2s2.2p4.(1D).4p""","=""2F*""","=""5/2""",6,"=""""","=""39.2883828""","=""""","=""0.0000004""","="" 100                                                              ""","=""010002.000200""","=""L9088"""
"=""2s2.2p4.(1D).4p""","=""2F*""","=""7/2""",8,"=""""","=""39.2902410""","=""""","=""0.0000004""","="" 100                                                              ""","=""010002.000201""","=""L9088"""
"=""2s2.2p4.(1D).4p""","=""2P*""","=""3/2""",4,"=""""","=""39.3852054""","=""""","=""0.0000004""","=""  63                            :    13  2s2.2p4.(3P).7p    2P*   ""","=""010002.000202""","=""L9088"""
"=""2s2.2p4.(1D).4p""","=""2P*""","=""1/2""",2,"=""""","=""39.4056886""","=""""","=""0.0000004""","=""  65                            :    17  2s2.2p4.(3P).6p    2P*   ""","=""010002.000205""","=""L9088"""
"=""2s2.2p4.(1D).4p""","=""2D*""","=""5/2""",6,"=""""","=""39.3998727""","=""""","=""0.0000006""","="" 100                                                              ""","=""010002.000203""","=""L9088"""
"=""2s2.2p4.(1D).4p""","=""2D*""","=""3/2""",4,"=""""","=""39.3999177""","=""""","=""0.0000007""","=""  94                                                              ""","=""010002.000204""","=""L9088"""
"=""2s2.2p4.(3P).6d""","=""4D""","=""7/2""",8,"=""""","=""39.4071606""","=""""","=""0.0000005""","=""  74                            :    22  2s2.2p4.(3P).6d    4F    ""","=""010002.000206""","=""L9088"""
"=""2s2.2p4.(3P).6d""","=""4D""","=""5/2""",6,"=""""","=""39.4098958""","=""""","=""0.0000006""","=""  69                            :    18  2s2.2p4.(3P).6d    4P    ""","=""010002.000207""","=""L9088"""
"=""2s2.2p4.(3P).6d""","=""4D""","=""3/2""",4,"=""""","=""39.4154511""","=""""","=""0.0000006""","=""  55                            :    35  2s2.2p4.(3P).6d    4P    ""","=""010002.000208""","=""L9088"""
"=""2s2.2p4.(3P).6d""","=""4D""","=""1/2""",2,"=""""","=""39.4932""","=""""","=""0.0004""","=""  52                            :    36                     2P    ""","=""010002.000353""","=""L12157"""
"=""2s2.2p4.(3P).6d""","=""4F""","=""9/2""",10,"=""""","=""39.4196548""","=""""","=""0.0000005""","="" 100                                                              ""","=""010002.000209""","=""L9088"""
"=""2s2.2p4.(3P).6d""","=""4F""","=""7/2""",8,"=""""","=""39.494793""","=""""","=""0.000025""","=""  55                            :    25  2s2.2p4.(3P).6d    4D    ""","=""010002.000238""","=""L9088"""
"=""2s2.2p4.(3P).6d""","=""4F""","=""5/2""",6,"=""""","=""39.50119""","=""""","=""0.00004""","=""  40                            :    24                     2D    ""","=""010002.000355""","=""L12157"""
"=""2s2.2p4.(3P).6d""","=""4F""","=""3/2""",4,"=""""","=""39.5078""","=""""","=""0.0004""","=""  64                            :    30                     2P    ""","=""010002.000356""","=""L12157"""
"=""2s2.2p4.(3P).6d""","=""2F""","=""7/2""",8,"=""""","=""39.4221780""","=""""","=""0.0000005""","=""  76                            :    24  2s2.2p4.(3P).6d    4F    ""","=""010002.000210""","=""L9088"""
"=""2s2.2p4.(3P).6d""","=""2F""","=""5/2""",6,"=""""","=""39.533962""","=""""","=""0.000017""","=""  31                            :    24                     4P    ""","=""010002.000357""","=""L12157"""
"=""2s2.2p4.(3P).6d""","=""4P""","=""1/2""",2,"=""""","=""39.4224""","=""""","=""0.0012""","=""  57                            :    34                     4D    ""","=""010002.000351""","=""L12157"""
"=""2s2.2p4.(3P).6d""","=""4P""","=""3/2""",4,"=""""","=""39.49788""","=""""","=""0.00005""","=""  36                            :    33                     4D    ""","=""010002.000354""","=""L12157"""
"=""2s2.2p4.(3P).6d""","=""2D""","=""5/2""",6,"=""""","=""39.4270009""","=""""","=""0.0000009""","=""  59                            :    21  2s2.2p4.(3P).6d    2F    ""","=""010002.000211""","=""L9088"""
"=""2s2.2p4.(3P).6d""","=""2D""","=""3/2""",4,"=""""","=""39.43190""","=""""","=""0.00004""","=""  40                            :    30                     2P    ""","=""010002.000352""","=""L12157"""
"=""2s2.2p4.(3P<2>).6f""","=""2[4]*""","=""9/2""",10,"=""""","=""39.4463231""","=""""","=""0.0000004""","="" 100                                                              ""","=""010002.000212""","=""L9088"""
"=""2s2.2p4.(3P<2>).6f""","=""2[4]*""","=""7/2""",8,"=""""","=""39.4464583""","=""""","=""0.0000004""","=""  92                            :     8  2s2.2p4.(3P<2>).6f 2[3]* ""","=""010002.000213""","=""L9088"""
"=""2s2.2p4.(3P<2>).6f""","=""2[3]*""","=""7/2""",8,"=""""","=""39.4469331""","=""""","=""0.0000004""","=""  92                            :     8  2s2.2p4.(3P<2>).6f 2[4]* ""","=""010002.000214""","=""L9088"""
"=""2s2.2p4.(3P<2>).6f""","=""2[3]*""","=""5/2""",6,"=""""","=""39.4469722""","=""""","=""0.0000005""","=""  99                                                              ""","=""010002.000215""","=""L9088"""
"=""2s2.2p4.(3P<2>).6f""","=""2[2]*""","=""3/2""",4,"=""""","=""39.4492755""","=""""","=""0.0000005""","="" 100                                                              ""","=""010002.000216""","=""L9088"""
"=""2s2.2p4.(3P<2>).6f""","=""2[2]*""","=""5/2""",6,"=""""","=""39.4493295""","=""""","=""0.0000005""","=""  99                                                              ""","=""010002.000217""","=""L9088"""
"=""2s2.2p4.(3P<2>).6g""","=""2[5]""","=""9/2""",10,"=""""","=""39.4497485""","=""""","=""0.0000005""","="" 100                                                              ""","=""010002.000218""","=""L9088"""
"=""2s2.2p4.(3P<2>).6g""","=""2[5]""","=""11/2""",12,"=""""","=""39.4497500""","=""""","=""0.0000006""","="" 100                                                              ""","=""010002.000219""","=""L9088"""
"=""2s2.2p4.(3P<2>).6g""","=""2[4]""","=""7/2""",8,"=""""","=""39.4498152""","=""""","=""0.0000006""","="" 100                                                              ""","=""010002.000220""","=""L9088"""
"=""2s2.2p4.(3P<2>).6g""","=""2[4]""","=""9/2""",10,"=""""","=""39.4498165""","=""""","=""0.0000006""","="" 100                                                              ""","=""010002.000221""","=""L9088"""
"=""2s2.2p4.(3P<2>).6f""","=""2[5]*""","=""11/2""",12,"=""""","=""39.4500510""","=""""","=""0.0000004""","="" 100                                                              ""","=""010002.000222""","=""L9088"""
"=""2s2.2p4.(3P<2>).6f""","=""2[5]*""","=""9/2""",10,"=""""","=""39.4500561""","=""""","=""0.0000004""","="" 100                                                              ""","=""010002.000223""","=""L9088"""
"=""2s2.2p4.(3P<2>).6h""","=""2[5]*""","=""""",22,"=""""","=""39.4505950""","=""""","=""0.0000015""","="" 100                                                              ""","=""010002.000224""","=""L9088"""
"=""2s2.2p4.(3P<2>).6h""","=""2[6]*""","=""""",26,"=""""","=""39.4506178""","=""""","=""0.0000017""","="" 100                                                              ""","=""010002.000225""","=""L9088"""
"=""2s2.2p4.(3P<2>).6g""","=""2[3]""","=""5/2""",6,"=""""","=""39.4507713""","=""""","=""0.0000006""","="" 100                                                              ""","=""010002.000226""","=""L9088"""
"=""2s2.2p4.(3P<2>).6g""","=""2[3]""","=""7/2""",8,"=""""","=""39.4507730""","=""""","=""0.0000006""","="" 100                                                              ""","=""010002.000227""","=""L9088"""
"=""2s2.2p4.(3P<2>).6h""","=""2[4]*""","=""""",18,"=""""","=""39.4510660""","=""""","=""0.0000014""","="" 100                                                              ""","=""010002.000228""","=""L9088"""
"=""2s2.2p4.(3P<2>).6g""","=""2[6]""","=""11/2""",12,"=""""","=""39.451365""","=""""","=""0.000005""","="" 100                                                              ""","=""010002.000229""","=""L9088"""
"=""2s2.2p4.(3P<2>).6g""","=""2[6]""","=""13/2""",14,"=""""","=""39.4513718""","=""""","=""0.0000005""","="" 100                                                              ""","=""010002.000230""","=""L9088"""
"=""2s2.2p4.(3P<2>).6h""","=""2[7]*""","=""""",30,"=""""","=""39.4514744""","=""""","=""0.0000025""","="" 100                                                              ""","=""010002.000231""","=""L9088"""
"=""2s2.2p4.(3P<2>).6h""","=""2[3]*""","=""""",14,"=""""","=""39.4517801""","=""""","=""0.0000019""","="" 100                                                              ""","=""010002.000232""","=""L9088"""
"=""2s2.2p4.(3P<2>).6f""","=""2[1]*""","=""1/2""",2,"=""""","=""39.451983""","=""""","=""0.000025""","="" 100                                                              ""","=""010002.000233""","=""L9088"""
"=""2s2.2p4.(3P<2>).6f""","=""2[1]*""","=""3/2""",4,"=""""","=""39.4520468""","=""""","=""0.0000007""","="" 100                                                              ""","=""010002.000234""","=""L9088"""
"=""2s2.2p4.(3P<2>).6g""","=""2[2]""","=""3/2""",4,"=""""","=""39.4520653""","=""""","=""0.0000010""","="" 100                                                              ""","=""010002.000235""","=""L9088"""
"=""2s2.2p4.(3P<2>).6g""","=""2[2]""","=""5/2""",6,"=""""","=""39.4520685""","=""""","=""0.0000009""","="" 100                                                              ""","=""010002.000236""","=""L9088"""
"=""2s2.2p4.(3P).7s""","=""4P""","=""5/2""",6,"=""""","=""39.4587284""","=""""","=""0.0000006""","=""  98                                                              ""","=""010002.000237""","=""L9088"""
"=""2s2.2p4.(3P).7s""","=""4P""","=""3/2""",4,"=""""","=""39.5435260""","=""""","=""0.0000007""","=""  73                            :    26  2s2.2p4.(3P).7s    2P    ""","=""010002.000256""","=""L9088"""
"=""2s2.2p4.(3P).7s""","=""4P""","=""1/2""",2,"=""""","=""39.549799""","=""""","=""0.000014""","=""  61                            :    38                     2P    ""","=""010002.000359""","=""L12157"""
"=""2s2.2p4.(3P).7s""","=""2P""","=""3/2""",4,"=""""","=""39.474869""","=""""","=""0.000011""","=""  70                            :    25  2s2.2p4.(3P).7s    4P    ""","=""010002.000239""","=""L9088"""
"=""2s2.2p4.(3P).7s""","=""2P""","=""1/2""",2,"=""""","=""39.583132""","=""""","=""0.000015""","=""  61                            :    38                     4P    ""","=""010002.000360""","=""L12157"""
"=""2s2.2p4.(3P<1>).6f""","=""2[2]*""","=""3/2""",4,"=""""","=""39.5266989""","=""""","=""0.0000006""","="" 100                                                              ""","=""010002.000240""","=""L9088"""
"=""2s2.2p4.(3P<1>).6f""","=""2[2]*""","=""5/2""",6,"=""""","=""39.5267974""","=""""","=""0.0000005""","="" 100                                                              ""","=""010002.000241""","=""L9088"""
"=""2s2.2p4.(3P<1>).6f""","=""2[4]*""","=""9/2""",10,"=""""","=""39.5276643""","=""""","=""0.0000005""","="" 100                                                              ""","=""010002.000242""","=""L9088"""
"=""2s2.2p4.(3P<1>).6f""","=""2[4]*""","=""7/2""",8,"=""""","=""39.5277415""","=""""","=""0.0000004""","="" 100                                                              ""","=""010002.000243""","=""L9088"""
"=""2s2.2p4.(3P<1>).6g""","=""2[3]""","=""7/2""",8,"=""""","=""39.5296950""","=""""","=""0.0000007""","="" 100                                                              ""","=""010002.000244""","=""L9088"""
"=""2s2.2p4.(3P<1>).6g""","=""2[3]""","=""5/2""",6,"=""""","=""39.5296956""","=""""","=""0.0000025""","="" 100                                                              ""","=""010002.000245""","=""L9088"""
"=""2s2.2p4.(3P<1>).6g""","=""2[5]""","=""9/2""",10,"=""""","=""39.5300254""","=""""","=""0.0000007""","="" 100                                                              ""","=""010002.000246""","=""L9088"""
"=""2s2.2p4.(3P<1>).6g""","=""2[5]""","=""11/2""",12,"=""""","=""39.5300290""","=""""","=""0.0000006""","="" 100                                                              ""","=""010002.000247""","=""L9088"""
"=""2s2.2p4.(3P<1>).6h""","=""2[4]*""","=""7/2""",8,"=""""","=""39.5304356""","=""""","=""0.0000007""","="" 100                                                              ""","=""010002.000248""","=""L9088"""
"=""2s2.2p4.(3P<1>).6h""","=""2[4]*""","=""9/2""",10,"=""""","=""39.5304382""","=""""","=""0.0000025""","="" 100                                                              ""","=""010002.000249""","=""L9088"""
"=""2s2.2p4.(3P<1>).6f""","=""2[3]*""","=""7/2""",8,"=""""","=""39.5304714""","=""""","=""0.0000005""","="" 100                                                              ""","=""010002.000250""","=""L9088"""
"=""2s2.2p4.(3P<1>).6f""","=""2[3]*""","=""5/2""",6,"=""""","=""39.5305178""","=""""","=""0.0000005""","="" 100                                                              ""","=""010002.000251""","=""L9088"""
"=""2s2.2p4.(3P<1>).6h""","=""2[6]*""","=""""",26,"=""""","=""39.5305813""","=""""","=""0.0000025""","="" 100                                                              ""","=""010002.000252""","=""L9088"""
"=""2s2.2p4.(3P<1>).6h""","=""2[5]*""","=""""",22,"=""""","=""39.5313074""","=""""","=""0.0000015""","="" 100                                                              ""","=""010002.000253""","=""L9088"""
"=""2s2.2p4.(3P<1>).6g""","=""2[4]""","=""7/2""",8,"=""""","=""39.5313508""","=""""","=""0.0000009""","="" 100                                                              ""","=""010002.000254""","=""L9088"""
"=""2s2.2p4.(3P<1>).6g""","=""2[4]""","=""9/2""",10,"=""""","=""39.5313548""","=""""","=""0.0000007""","="" 100                                                              ""","=""010002.000255""","=""L9088"""
"=""2s2.2p4.(3P).6d""","=""2P""","=""3/2""",4,"=""""","=""39.539463""","=""""","=""0.000015""","=""  33                            :    26                     4F    ""","=""010002.000358""","=""L12157"""
"=""2s2.2p4.(3P<0>).6f""","=""2[3]*""","=""7/2""",8,"=""""","=""39.5628013""","=""""","=""0.0000004""","="" 100                                                              ""","=""010002.000257""","=""L9088"""
"=""2s2.2p4.(3P<0>).6f""","=""2[3]*""","=""5/2""",6,"=""""","=""39.5628381""","=""""","=""0.0000004""","="" 100                                                              ""","=""010002.000258""","=""L9088"""
"=""2s2.2p4.(3P<0>).6g""","=""2[4]""","=""7/2""",8,"=""""","=""39.5648071""","=""""","=""0.0000016""","="" 100                                                              ""","=""010002.000259""","=""L9088"""
"=""2s2.2p4.(3P<0>).6g""","=""2[4]""","=""9/2""",10,"=""""","=""39.5648093""","=""""","=""0.0000009""","="" 100                                                              ""","=""010002.000260""","=""L9088"""
"=""2s2.2p4.(3P<0>).6h""","=""2[5]*""","=""""",22,"=""""","=""39.5652100""","=""""","=""0.0000025""","="" 100                                                              ""","=""010002.000261""","=""L9088"""
"=""2s2.2p4.(3P).7d""","=""2D""","=""5/2""",6,"=""""","=""39.8371""","=""""","=""0.0004""","=""  60                            :    20                     2F    ""","=""010002.000361""","=""L12157"""
"=""2s2.2p4.(3P).7d""","=""2D""","=""3/2""",4,"=""""","=""39.84074""","=""""","=""0.00005""","=""  39                            :    33                     2P    ""","=""010002.000362""","=""L12157"""
"=""2s2.2p4.(3P<2>).7f""","=""2[4]*""","=""9/2""",10,"=""""","=""39.8491698""","=""""","=""0.0000025""","="" 100                                                              ""","=""010002.000262""","=""L9088"""
"=""2s2.2p4.(3P<2>).7f""","=""2[4]*""","=""7/2""",8,"=""""","=""39.849254""","=""""","=""0.000007""","=""  91                            :     9  2s2.2p4.(3P<2>).7f 2[3]* ""","=""010002.000263""","=""L9088"""
"=""2s2.2p4.(3P<2>).7f""","=""2[3]*""","=""7/2""",8,"=""""","=""39.849565""","=""""","=""0.000014""","=""  91                            :     9  2s2.2p4.(3P<2>).7f 2[4]* ""","=""010002.000264""","=""L9088"""
"=""2s2.2p4.(3P<2>).7f""","=""2[3]*""","=""5/2""",6,"=""""","=""39.849588""","=""""","=""0.000009""","=""  99                                                              ""","=""010002.000265""","=""L9088"""
"=""2s2.2p4.(3P<2>).7f""","=""2[2]*""","=""3/2""",4,"=""""","=""39.851058""","=""""","=""0.000017""","="" 100                                                              ""","=""010002.000266""","=""L9088"""
"=""2s2.2p4.(3P<2>).7f""","=""2[2]*""","=""5/2""",6,"=""""","=""39.851083""","=""""","=""0.000007""","=""  99                                                              ""","=""010002.000267""","=""L9088"""
"=""2s2.2p4.(3P<2>).7g""","=""2[5]""","=""9/2""",10,"=""""","=""39.851352""","=""""","=""0.000010""","="" 100                                                              ""","=""010002.000268""","=""L9088"""
"=""2s2.2p4.(3P<2>).7g""","=""2[5]""","=""11/2""",12,"=""""","=""39.851353""","=""""","=""0.000010""","="" 100                                                              ""","=""010002.000269""","=""L9088"""
"=""2s2.2p4.(3P<2>).7g""","=""2[4]""","=""9/2""",10,"=""""","=""39.851399""","=""""","=""0.000010""","="" 100                                                              ""","=""010002.000270""","=""L9088"""
"=""2s2.2p4.(3P<2>).7g""","=""2[4]""","=""7/2""",8,"=""""","=""39.851400""","=""""","=""0.000010""","="" 100                                                              ""","=""010002.000271""","=""L9088"""
"=""2s2.2p4.(3P<2>).7f""","=""2[5]*""","=""11/2""",12,"=""""","=""39.851492""","=""""","=""0.000010""","="" 100                                                              ""","=""010002.000272""","=""L9088"""
"=""2s2.2p4.(3P<2>).7f""","=""2[5]*""","=""9/2""",10,"=""""","=""39.851496""","=""""","=""0.000009""","="" 100                                                              ""","=""010002.000273""","=""L9088"""
"=""2s2.2p4.(3P<2>).7g""","=""2[3]""","=""7/2""",8,"=""""","=""39.851999""","=""""","=""0.000010""","="" 100                                                              ""","=""010002.000275""","=""L9088"""
"=""2s2.2p4.(3P<2>).7g""","=""2[3]""","=""5/2""",6,"=""""","=""39.851999""","=""""","=""0.000017""","="" 100                                                              ""","=""010002.000274""","=""L9088"""
"=""2s2.2p4.(3P<2>).7g""","=""2[6]""","=""11/2""",12,"=""""","=""39.852367""","=""""","=""0.000014""","="" 100                                                              ""","=""010002.000276""","=""L9088"""
"=""2s2.2p4.(3P<2>).7g""","=""2[6]""","=""13/2""",14,"=""""","=""39.852370""","=""""","=""0.000012""","="" 100                                                              ""","=""010002.000277""","=""L9088"""
"=""2s2.2p4.(3P<2>).7f""","=""2[1]*""","=""3/2""",4,"=""""","=""39.852733""","=""""","=""0.000012""","="" 100                                                              ""","=""010002.000278""","=""L9088"""
"=""2s2.2p4.(3P<2>).7g""","=""2[2]""","=""5/2""",6,"=""""","=""39.852804""","=""""","=""0.000017""","="" 100                                                              ""","=""010002.000279""","=""L9088"""
"=""2s2.2p4.(3P).8s""","=""2P""","=""3/2""",4,"=""""","=""39.867692""","=""""","=""0.000017""","=""  77                            :    22                     4P    ""","=""010002.000363""","=""L12157"""
"=""2s2.2p4.(3P).7d""","=""4D""","=""3/2""",4,"=""""","=""39.9100""","=""""","=""0.0006""","=""  37                            :    34                     4P    ""","=""010002.000364""","=""L12157"""
"=""2s2.2p4.(3P).7d""","=""4F""","=""5/2""",6,"=""""","=""39.9129""","=""""","=""0.0004""","=""  32  2F                        :    31  2s2.2p4.(3P).7d    4F    ""","=""010002.000365""","=""L12157"""
"=""2s2.2p4.(3P).7d""","=""4F""","=""3/2""",4,"=""""","=""39.9170""","=""""","=""0.0004""","=""  54                            :    35                     2P    ""","=""010002.000366""","=""L12157"""
"=""2s2.2p4.(3P<1>).7f""","=""2[2]*""","=""3/2""",4,"=""""","=""39.929226""","=""""","=""0.000019""","="" 100                                                              ""","=""010002.000280""","=""L9088"""
"=""2s2.2p4.(3P<1>).7f""","=""2[2]*""","=""5/2""",6,"=""""","=""39.929286""","=""""","=""0.000007""","="" 100                                                              ""","=""010002.000281""","=""L9088"""
"=""2s2.2p4.(3P<1>).7f""","=""2[4]*""","=""9/2""",10,"=""""","=""39.9298525""","=""""","=""0.0000025""","="" 100                                                              ""","=""010002.000282""","=""L9088"""
"=""2s2.2p4.(3P<1>).7f""","=""2[4]*""","=""7/2""",8,"=""""","=""39.929903""","=""""","=""0.000005""","="" 100                                                              ""","=""010002.000283""","=""L9088"""
"=""2s2.2p4.(3P<1>).7g""","=""2[3]""","=""7/2""",8,"=""""","=""39.931199""","=""""","=""0.000010""","="" 100                                                              ""","=""010002.000284""","=""L9088"""
"=""2s2.2p4.(3P<1>).7g""","=""2[3]""","=""5/2""",6,"=""""","=""39.931201""","=""""","=""0.000010""","="" 100                                                              ""","=""010002.000285""","=""L9088"""
"=""2s2.2p4.(3P<1>).7g""","=""2[5]""","=""9/2""",10,"=""""","=""39.931405""","=""""","=""0.000010""","="" 100                                                              ""","=""010002.000286""","=""L9088"""
"=""2s2.2p4.(3P<1>).7g""","=""2[5]""","=""11/2""",12,"=""""","=""39.931412""","=""""","=""0.000010""","="" 100                                                              ""","=""010002.000287""","=""L9088"""
"=""2s2.2p4.(3P<1>).7f""","=""2[3]*""","=""7/2""",8,"=""""","=""39.931635""","=""""","=""0.000009""","="" 100                                                              ""","=""010002.000288""","=""L9088"""
"=""2s2.2p4.(3P<1>).7f""","=""2[3]*""","=""5/2""",6,"=""""","=""39.931665""","=""""","=""0.000007""","="" 100                                                              ""","=""010002.000289""","=""L9088"""
"=""2s2.2p4.(3P<1>).7g""","=""2[4]""","=""7/2""",8,"=""""","=""39.932253""","=""""","=""0.000010""","="" 100                                                              ""","=""010002.000290""","=""L9088"""
"=""2s2.2p4.(3P<1>).7g""","=""2[4]""","=""9/2""",10,"=""""","=""39.932255""","=""""","=""0.000010""","="" 100                                                              ""","=""010002.000291""","=""L9088"""
"=""2s2.2p4.(3P).7d""","=""2F""","=""5/2""",6,"=""""","=""39.9456""","=""""","=""0.0004""","=""  30                            :    22                     4P    ""","=""010002.000367""","=""L12157"""
"=""2s2.2p4.(3P).7d""","=""2P""","=""3/2""",4,"=""""","=""39.94839""","=""""","=""0.00007""","=""  35  4F                        :    28  2s2.2p4.(3P).7d    2P    ""","=""010002.000368""","=""L12157"""
"=""2s2.2p4.(3P<0>).7f""","=""2[3]*""","=""7/2""",8,"=""""","=""39.964738""","=""""","=""0.000006""","="" 100                                                              ""","=""010002.000292""","=""L9088"""
"=""2s2.2p4.(3P<0>).7f""","=""2[3]*""","=""5/2""",6,"=""""","=""39.964802""","=""""","=""0.000011""","="" 100                                                              ""","=""010002.000293""","=""L9088"""
"=""2s2.2p4.(3P<0>).7g""","=""2[4]""","=""7/2""",8,"=""""","=""39.966058""","=""""","=""0.000010""","="" 100                                                              ""","=""010002.000294""","=""L9088"""
"=""2s2.2p4.(3P<0>).7g""","=""2[4]""","=""9/2""",10,"=""""","=""39.966058""","=""""","=""0.000010""","="" 100                                                              ""","=""010002.000295""","=""L9088"""
"=""2s2.2p4.(3P).8d""","=""2D""","=""5/2""",6,"=""""","=""40.103148""","=""""","=""0.000025""","=""  61                            :    19                     2F    ""","=""010002.000369""","=""L12157"""
"=""2s2.2p4.(3P).8d""","=""2D""","=""3/2""",4,"=""""","=""40.10377""","=""""","=""0.00005""","=""  39                            :    34                     2P    ""","=""010002.000370""","=""L12157"""
"=""2s2.2p4.(3P<2>).8f""","=""2[4]*""","=""9/2""",10,"=""""","=""40.110500""","=""""","=""0.000010""","="" 100                                                              ""","=""010002.000296""","=""L9088"""
"=""2s2.2p4.(3P<2>).8f""","=""2[4]*""","=""7/2""",8,"=""""","=""40.110558""","=""""","=""0.000017""","=""  91                            :     9  2s2.2p4.(3P<2>).8f 2[3]* ""","=""010002.000297""","=""L9088"""
"=""2s2.2p4.(3P<2>).8f""","=""2[3]*""","=""7/2""",8,"=""""","=""40.110763""","=""""","=""0.000015""","=""  91                            :     9  2s2.2p4.(3P<2>).8f 2[4]* ""","=""010002.000298""","=""L9088"""
"=""2s2.2p4.(3P<2>).8f""","=""2[2]*""","=""5/2""",6,"=""""","=""40.111787""","=""""","=""0.000017""","=""  99                                                              ""","=""010002.000299""","=""L9088"""
"=""2s2.2p4.(3P<2>).8f""","=""2[5]*""","=""11/2""",12,"=""""","=""40.112049""","=""""","=""0.000011""","="" 100                                                              ""","=""010002.000300""","=""L9088"""
"=""2s2.2p4.(3P<2>).8f""","=""2[5]*""","=""9/2""",10,"=""""","=""40.112051""","=""""","=""0.000011""","="" 100                                                              ""","=""010002.000301""","=""L9088"""
"=""2s2.2p4.(3P).8d""","=""4F""","=""3/2""",4,"=""""","=""40.18242""","=""""","=""0.00006""","=""  48                            :    37                     2P    ""","=""010002.000371""","=""L12157"""
"=""2s2.2p4.(3P<1>).8f""","=""2[2]*""","=""3/2""",4,"=""""","=""40.190395""","=""""","=""0.000025""","="" 100                                                              ""","=""010002.000302""","=""L9088"""
"=""2s2.2p4.(3P<1>).8f""","=""2[2]*""","=""5/2""",6,"=""""","=""40.190415""","=""""","=""0.000015""","="" 100                                                              ""","=""010002.000303""","=""L9088"""
"=""2s2.2p4.(3P<1>).8f""","=""2[4]*""","=""9/2""",10,"=""""","=""40.190836""","=""""","=""0.000011""","="" 100                                                              ""","=""010002.000304""","=""L9088"""
"=""2s2.2p4.(3P<1>).8f""","=""2[4]*""","=""7/2""",8,"=""""","=""40.190879""","=""""","=""0.000011""","=""  99                                                              ""","=""010002.000305""","=""L9088"""
"=""2s2.2p4.(3P<1>).8f""","=""2[3]*""","=""7/2""",8,"=""""","=""40.192056""","=""""","=""0.000011""","="" 100                                                              ""","=""010002.000306""","=""L9088"""
"=""2s2.2p4.(3P<1>).8f""","=""2[3]*""","=""5/2""",6,"=""""","=""40.192078""","=""""","=""0.000010""","="" 100                                                              ""","=""010002.000307""","=""L9088"""
"=""2s2.2p4.(3P).8d""","=""2P""","=""3/2""",4,"=""""","=""40.2144""","=""""","=""0.0006""","=""  39  4F                        :    24  2s2.2p4.(3P).8d    2P    ""","=""010002.000372""","=""L12157"""
"=""2s2.2p4.(3P<0>).8f""","=""2[3]*""","=""7/2""",8,"=""""","=""40.225562""","=""""","=""0.000010""","="" 100                                                              ""","=""010002.000308""","=""L9088"""
"=""2s2.2p4.(3P<0>).8f""","=""2[3]*""","=""5/2""",6,"=""""","=""40.225580""","=""""","=""0.000010""","="" 100                                                              ""","=""010002.000309""","=""L9088"""
"=""2s2.2p4.(3P).9d""","=""2D""","=""5/2""",6,"=""""","=""40.2837""","=""""","=""0.0007""","=""  62                            :    19                     2F    ""","=""010002.000373""","=""L12157"""
"=""2s2.2p4.(3P).9d""","=""2D""","=""3/2""",4,"=""""","=""40.2846""","=""""","=""0.0014""","=""  39                            :    36                     2P    ""","=""010002.000374""","=""L12157"""
"=""2s2.2p4.(3P<2>).9f""","=""2[4]*""","=""9/2""",10,"=""""","=""40.289595""","=""""","=""0.000025""","=""                                                                  ""","=""010002.000310""","=""L9088"""
"=""2s2.2p4.(3P<2>).9f""","=""2[5]*""","=""11/2""",12,"=""""","=""40.290661""","=""""","=""0.000025""","=""                                                                  ""","=""010002.000312""","=""L9088"""
"=""2s2.2p4.(3P<2>).9f""","=""2[5]*""","=""9/2""",10,"=""""","=""40.290661""","=""""","=""0.000025""","=""                                                                  ""","=""010002.000311""","=""L9088"""
"=""2s2.2p4.(3P).9d""","=""2F""","=""5/2""",6,"=""""","=""40.3627""","=""""","=""0.0014""","=""  40                            :    24                     4F    ""","=""010002.000375""","=""L12157"""
"=""2s2.2p4.(3P<1>).9f""","=""2[4]*""","=""9/2""",10,"=""""","=""40.369714""","=""""","=""0.000025""","=""                                                                  ""","=""010002.000313""","=""L9088"""
"=""2s2.2p4.(3P<1>).9f""","=""2[4]*""","=""7/2""",8,"=""""","=""40.369739""","=""""","=""0.000025""","=""                                                                  ""","=""010002.000314""","=""L9088"""
"=""2s2.2p4.(3P<1>).9f""","=""2[3]*""","=""7/2""",8,"=""""","=""40.370557""","=""""","=""0.000025""","=""                                                                  ""","=""010002.000315""","=""L9088"""
"=""2s2.2p4.(3P).9d""","=""4F""","=""3/2""",4,"=""""","=""40.3954""","=""""","=""0.0014""","=""  42                            :    21                     2P    ""","=""010002.000376""","=""L12157"""
"=""2s2.2p4.(3P<0>).9f""","=""2[3]*""","=""7/2""",8,"=""""","=""40.404318""","=""""","=""0.000025""","=""                                                                  ""","=""010002.000316""","=""L9088"""
"=""2s2.2p4.(1D).4d""","=""2G""","=""9/2""",10,"=""""","=""40.638851""","=""""","=""0.000004""","="" 100                                                              ""","=""010002.000317""","=""L9088"""
"=""2s2.2p4.(1D).4d""","=""2G""","=""7/2""",8,"=""""","=""40.638929""","=""""","=""0.000004""","="" 100                                                              ""","=""010002.000318""","=""L9088"""
"=""2s2.2p4.(1D).4d""","=""2P""","=""3/2""",4,"=""""","=""40.6531""","=""""","=""0.0004""","=""  34                            :    19  2s2.2p4.(3P).12d   2P    ""","=""010002.000377""","=""L12157"""
"=""2s2.2p4.(1D).4d""","=""2S""","=""1/2""",2,"=""""","=""40.666263""","=""""","=""0.000016""","=""  98                                                              ""","=""010002.000378""","=""L12157"""
"=""2s2.2p4.(1D).4d""","=""2D""","=""5/2""",6,"=""""","=""40.6775""","=""?""","=""0.0004""","=""  39                            :    34  2s2.2p4.(3P).14d   2D    ""","=""010002.000379""","=""L12157"""
"=""2s2.2p4.(1D).4d""","=""2D""","=""3/2""",4,"=""""","=""40.6795""","=""?""","=""0.0004""","=""  40                            :    19  2s2.2p4.(3P).14d   2D    ""","=""010002.000380""","=""L12157"""
"=""2s2.2p4.(3P).12d""","=""2F""","=""5/2""",6,"=""""","=""40.6869""","=""?""","=""0.0005""","=""  27  2s2.2p4.(1D).4d 2D        :    12  2s2.2p4.(3P).12d   2F    ""","=""010002.000381""","=""L12157"""
"=""2s2.2p4.(1D).4d""","=""2F""","=""5/2""",6,"=""""","=""40.706235""","=""""","=""0.000004""","="" 100                                                              ""","=""010002.000319""","=""L9088"""
"=""2s2.2p4.(1D).4d""","=""2F""","=""7/2""",8,"=""""","=""40.706258""","=""""","=""0.000004""","="" 100                                                              ""","=""010002.000320""","=""L9088"""
"=""2s2.2p4.(1D<2>).4f""","=""2[1]*""","=""3/2""",4,"=""""","=""40.7373472""","=""""","=""0.0000017""","="" 100                                                              ""","=""010002.000321""","=""L9088"""
"=""2s2.2p4.(1D<2>).4f""","=""2[1]*""","=""1/2""",2,"=""""","=""40.737348""","=""""","=""0.000004""","="" 100                                                              ""","=""010002.000322""","=""L9088"""
"=""2s2.2p4.(1D<2>).4f""","=""2[5]*""","=""9/2""",10,"=""""","=""40.749305""","=""""","=""0.000004""","="" 100                                                              ""","=""010002.000323""","=""L9088"""
"=""2s2.2p4.(1D<2>).4f""","=""2[5]*""","=""11/2""",12,"=""""","=""40.749321""","=""""","=""0.000004""","="" 100                                                              ""","=""010002.000324""","=""L9088"""
"=""2s2.2p4.(1D<2>).4f""","=""2[2]*""","=""5/2""",6,"=""""","=""40.7530932""","=""""","=""0.0000019""","="" 100                                                              ""","=""010002.000325""","=""L9088"""
"=""2s2.2p4.(1D<2>).4f""","=""2[2]*""","=""3/2""",4,"=""""","=""40.7530955""","=""""","=""0.0000019""","="" 100                                                              ""","=""010002.000326""","=""L9088"""
"=""2s2.2p4.(1D<2>).4f""","=""2[3]*""","=""5/2""",6,"=""""","=""40.7682421""","=""""","=""0.0000025""","="" 100                                                              ""","=""010002.000327""","=""L9088"""
"=""2s2.2p4.(1D<2>).4f""","=""2[3]*""","=""7/2""",8,"=""""","=""40.7682429""","=""""","=""0.0000025""","="" 100                                                              ""","=""010002.000328""","=""L9088"""
"=""2s2.2p4.(1D<2>).4f""","=""2[4]*""","=""7/2""",8,"=""""","=""40.7718350""","=""""","=""0.0000025""","="" 100                                                              ""","=""010002.000329""","=""L9088"""
"=""2s2.2p4.(1D<2>).4f""","=""2[4]*""","=""9/2""",10,"=""""","=""40.7718471""","=""""","=""0.0000025""","="" 100                                                              ""","=""010002.000330""","=""L9088"""
"=""2s2.2p4.(1D).5s""","=""2D""","=""5/2""",6,"=""""","=""40.809229""","=""""","=""0.000005""","=""  98                                                              ""","=""010002.000331""","=""L9088"""
"=""2s2.2p4.(1D).5s""","=""2D""","=""3/2""",4,"=""""","=""40.809246""","=""""","=""0.000005""","=""  98                                                              ""","=""010002.000332""","=""L9088"""
"=""Ne III (2p4 3P<2>)""","=""Limit""","=""---""",,"=""""","=""40.96297""","=""""","=""0.00004""","=""                                                                  ""","=""010002.Lim001""","=""L1406"""
"=""Ne III (2s2.2p4 3P<1>)""","=""Limit""","=""---""",,"=""""","=""41.04268""","=""""","=""0.00004""","=""                                                                  ""","=""010002.Lim002""","=""L9088"""
"=""Ne III (2s2.2p4 3P<0>)""","=""Limit""","=""---""",,"=""""","=""41.07711""","=""""","=""0.00004""","=""                                                                  ""","=""010002.Lim003""","=""L9088"""
"=""2s2.2p4.(1D).5d""","=""2S""","=""1/2""",2,"=""""","=""41.839874""","=""""","=""0.000025""","=""  58                            :    40  (1S)4s             2S    ""","=""010002.000382""","=""L12157"""
"=""2s2.2p4.(1D<2>).5f""","=""2[1]*""","=""3/2""",4,"=""""","=""41.974911""","=""""","=""0.000010""","="" 100                                                              ""","=""010002.000333""","=""L9088"""
"=""2s2.2p4.(1D<2>).5f""","=""2[5]*""","=""9/2""",10,"=""""","=""41.981155""","=""""","=""0.000015""","="" 100                                                              ""","=""010002.000334""","=""L9088"""
"=""2s2.2p4.(1D<2>).5f""","=""2[5]*""","=""11/2""",12,"=""""","=""41.981156""","=""""","=""0.000015""","="" 100                                                              ""","=""010002.000335""","=""L9088"""
"=""2s2.2p4.(1D<2>).5f""","=""2[3]*""","=""5/2""",6,"=""""","=""41.990789""","=""""","=""0.000010""","="" 100                                                              ""","=""010002.000336""","=""L9088"""
"=""2s2.2p4.(1D<2>).5f""","=""2[4]*""","=""9/2""",10,"=""""","=""41.992663""","=""""","=""0.000012""","="" 100                                                              ""","=""010002.000337""","=""L9088"""
"=""2s2.2p4.(1D<2>).5f""","=""2[4]*""","=""7/2""",8,"=""""","=""41.992671""","=""""","=""0.000012""","="" 100                                                              ""","=""010002.000338""","=""L9088"""
"=""2s2.2p4.(1S).4s""","=""2S""","=""1/2""",2,"=""""","=""42.004452""","=""""","=""0.000011""","=""  58                            :    40  2s2.2p4.(1D).5d    2S    ""","=""010002.000339""","=""L9088"""
"=""2s2.2p4.(1D).6d""","=""2S""","=""1/2""",2,"=""""","=""42.6311""","=""""","=""0.0005""","=""  99                                                              ""","=""010002.000383""","=""L12157"""
"=""2s2.2p4.(1D<2>).6f""","=""2[5]*""","=""9/2""",10,"=""""","=""42.649824""","=""""","=""0.000025""","="" 100                                                              ""","=""010002.000341""","=""L9088"""
"=""2s2.2p4.(1D<2>).6f""","=""2[5]*""","=""11/2""",12,"=""""","=""42.649824""","=""""","=""0.000025""","="" 100                                                              ""","=""010002.000340""","=""L9088"""
"=""2s2.2p4.(1D<2>).6f""","=""2[4]*""","=""9/2""",10,"=""""","=""42.65650""","=""""","=""0.00004""","="" 100                                                              ""","=""010002.000342""","=""L9088"""
"=""2s2.2p4.(1D).7d""","=""2S""","=""1/2""",2,"=""""","=""43.0391""","=""""","=""0.0005""","="" 100                                                              ""","=""010002.000384""","=""L12157"""
"=""2s2.2p4.(1D<2>).7f""","=""2[5]*""","=""11/2""",12,"=""""","=""43.052781""","=""""","=""0.000025""","="" 100                                                              ""","=""010002.000344""","=""L9088"""
"=""2s2.2p4.(1D<2>).7f""","=""2[5]*""","=""9/2""",10,"=""""","=""43.052781""","=""""","=""0.000025""","="" 100                                                              ""","=""010002.000343""","=""L9088"""
"=""2s2.2p4.(1D).8d""","=""2S""","=""1/2""",2,"=""""","=""43.3045""","=""""","=""0.0007""","="" 100                                                              ""","=""010002.000385""","=""L12157"""
"=""2s2.2p4.(1D<2>).8f""","=""2[5]*""","=""11/2""",12,"=""""","=""43.314177""","=""""","=""0.000025""","="" 100                                                              ""","=""010002.000345""","=""L9088"""
"=""Ne III (2s2.2p4 1D<2>)""","=""Limit""","=""---""",,"=""""","=""44.16680""","=""""","=""0.00005""","=""                                                                  ""","=""010002.Lim004""","=""L9088"""
"=""Ne III (2s2.2p4 1S<0>)""","=""Limit""","=""---""",,"=""""","=""47.87542""","=""""","=""0.00012""","=""                                                                  ""","=""010002.Lim005""","=""L9088"""
