Configuration,Term,J,g,Prefix,Level (eV),Suffix,Uncertainty (eV),Level ID,Reference
"=""2s2.2p3""","=""4S*""","=""3/2""",4,"=""""","=""0.0000000""","=""""","=""0""","=""007001.000001""","=""L7288"""
"=""2s2.2p3""","=""2D*""","=""5/2""",6,"=""""","=""2.3835298""","=""""","=""""","=""007001.000014""","="""""
"=""2s2.2p3""","=""2D*""","=""3/2""",4,"=""""","=""2.3846100""","=""""","=""""","=""007001.000015""","="""""
"=""2s2.2p3""","=""2P*""","=""1/2""",2,"=""""","=""3.5755704""","=""""","=""""","=""007001.000016""","="""""
"=""2s2.2p3""","=""2P*""","=""3/2""",4,"=""""","=""3.5756182""","=""""","=""""","=""007001.000017""","="""""
"=""2s2.2p2.(3P).3s""","=""4P""","=""1/2""",2,"=""""","=""10.3259087""","=""""","=""""","=""007001.000018""","="""""
"=""2s2.2p2.(3P).3s""","=""4P""","=""3/2""",4,"=""""","=""10.3300944""","=""""","=""""","=""007001.000019""","="""""
"=""2s2.2p2.(3P).3s""","=""4P""","=""5/2""",6,"=""""","=""10.3358956""","=""""","=""""","=""007001.000020""","="""""
"=""2s2.2p2.(3P).3s""","=""2P""","=""1/2""",2,"=""""","=""10.6796703""","=""""","=""""","=""007001.000021""","="""""
"=""2s2.2p2.(3P).3s""","=""2P""","=""3/2""",4,"=""""","=""10.6899808""","=""""","=""""","=""007001.000022""","="""""
"=""2s.2p4""","=""4P""","=""5/2""",6,"=""""","=""10.9239080""","=""""","=""""","=""007001.000023""","="""""
"=""2s.2p4""","=""4P""","=""3/2""",4,"=""""","=""10.9293522""","=""""","=""""","=""007001.000024""","="""""
"=""2s.2p4""","=""4P""","=""1/2""",2,"=""""","=""10.9317574""","=""""","=""""","=""007001.000025""","="""""
"=""2s2.2p2.(3P).3p""","=""2S*""","=""1/2""",2,"=""""","=""11.6026335""","=""""","=""""","=""007001.000026""","="""""
"=""2s2.2p2.(3P).3p""","=""4D*""","=""1/2""",2,"=""""","=""11.7500916""","=""""","=""""","=""007001.000027""","="""""
"=""2s2.2p2.(3P).3p""","=""4D*""","=""3/2""",4,"=""""","=""11.7528949""","=""""","=""""","=""007001.000028""","="""""
"=""2s2.2p2.(3P).3p""","=""4D*""","=""5/2""",6,"=""""","=""11.7575319""","=""""","=""""","=""007001.000029""","="""""
"=""2s2.2p2.(3P).3p""","=""4D*""","=""7/2""",8,"=""""","=""11.7638464""","=""""","=""""","=""007001.000030""","="""""
"=""2s2.2p2.(3P).3p""","=""4P*""","=""1/2""",2,"=""""","=""11.8374298""","=""""","=""""","=""007001.000031""","="""""
"=""2s2.2p2.(3P).3p""","=""4P*""","=""3/2""",4,"=""""","=""11.8397086""","=""""","=""""","=""007001.000032""","="""""
"=""2s2.2p2.(3P).3p""","=""4P*""","=""5/2""",6,"=""""","=""11.8444770""","=""""","=""""","=""007001.000033""","="""""
"=""2s2.2p2.(3P).3p""","=""4S*""","=""3/2""",4,"=""""","=""11.9955753""","=""""","=""""","=""007001.000034""","="""""
"=""2s2.2p2.(3P).3p""","=""2D*""","=""3/2""",4,"=""""","=""12.0001429""","=""""","=""""","=""007001.000035""","="""""
"=""2s2.2p2.(3P).3p""","=""2D*""","=""5/2""",6,"=""""","=""12.0096116""","=""""","=""""","=""007001.000036""","="""""
"=""2s2.2p2.(3P).3p""","=""2P*""","=""1/2""",2,"=""""","=""12.1219574""","=""""","=""""","=""007001.000037""","="""""
"=""2s2.2p2.(3P).3p""","=""2P*""","=""3/2""",4,"=""""","=""12.1263787""","=""""","=""""","=""007001.000038""","="""""
"=""2s2.2p2.(1D).3s""","=""2D""","=""5/2""",6,"=""""","=""12.3566901""","=""""","=""""","=""007001.000039""","="""""
"=""2s2.2p2.(1D).3s""","=""2D""","=""3/2""",4,"=""""","=""12.3567502""","=""""","=""""","=""007001.000040""","="""""
"=""2s2.2p2.(3P).4s""","=""4P""","=""1/2""",2,"=""""","=""12.847554""","=""""","=""""","=""007001.000041""","="""""
"=""2s2.2p2.(3P).4s""","=""4P""","=""3/2""",4,"=""""","=""12.853090""","=""""","=""""","=""007001.000042""","="""""
"=""2s2.2p2.(3P).4s""","=""4P""","=""5/2""",6,"=""""","=""12.861560""","=""""","=""""","=""007001.000043""","="""""
"=""2s2.2p2.(3P).4s""","=""2P""","=""1/2""",2,"=""""","=""12.9123120""","=""""","=""""","=""007001.000044""","="""""
"=""2s2.2p2.(3P).4s""","=""2P""","=""3/2""",4,"=""""","=""12.9218353""","=""""","=""""","=""007001.000045""","="""""
"=""2s2.2p2.(3P).3d""","=""2P""","=""3/2""",4,"=""""","=""12.9706652""","=""""","=""""","=""007001.000046""","="""""
"=""2s2.2p2.(3P).3d""","=""2P""","=""1/2""",2,"=""""","=""12.9754460""","=""""","=""""","=""007001.000047""","="""""
"=""2s2.2p2.(3P).3d""","=""4F""","=""3/2""",4,"=""""","=""12.9766983""","=""""","=""""","=""007001.000048""","="""""
"=""2s2.2p2.(3P).3d""","=""4F""","=""5/2""",6,"=""""","=""12.9790453""","=""""","=""""","=""007001.000049""","="""""
"=""2s2.2p2.(3P).3d""","=""4F""","=""7/2""",8,"=""""","=""12.9832471""","=""""","=""""","=""007001.000050""","="""""
"=""2s2.2p2.(3P).3d""","=""4F""","=""9/2""",10,"=""""","=""12.989300""","=""""","=""""","=""007001.000051""","="""""
"=""2s2.2p2.(3P).3d""","=""2F""","=""5/2""",6,"=""""","=""12.9948285""","=""""","=""""","=""007001.000052""","="""""
"=""2s2.2p2.(3P).3d""","=""2F""","=""7/2""",8,"=""""","=""13.0036301""","=""""","=""""","=""007001.000055""","="""""
"=""2s2.2p2.(3P).3d""","=""4P""","=""5/2""",6,"=""""","=""12.9966572""","=""""","=""""","=""007001.000053""","="""""
"=""2s2.2p2.(3P).3d""","=""4P""","=""3/2""",4,"=""""","=""13.000950""","=""""","=""""","=""007001.000054""","="""""
"=""2s2.2p2.(3P).3d""","=""4P""","=""1/2""",2,"=""""","=""13.004219""","=""""","=""""","=""007001.000056""","="""""
"=""2s2.2p2.(3P).3d""","=""4D""","=""1/2""",2,"=""""","=""13.016403""","=""""","=""""","=""007001.000057""","="""""
"=""2s2.2p2.(3P).3d""","=""4D""","=""3/2""",4,"=""""","=""13.017878""","=""""","=""""","=""007001.000058""","="""""
"=""2s2.2p2.(3P).3d""","=""4D""","=""5/2""",6,"=""""","=""13.019401""","=""""","=""""","=""007001.000059""","="""""
"=""2s2.2p2.(3P).3d""","=""4D""","=""7/2""",8,"=""""","=""13.0205230""","=""""","=""""","=""007001.000060""","="""""
"=""2s2.2p2.(3P).3d""","=""2D""","=""3/2""",4,"=""""","=""13.0332041""","=""""","=""""","=""007001.000061""","="""""
"=""2s2.2p2.(3P).3d""","=""2D""","=""5/2""",6,"=""""","=""13.0361586""","=""""","=""""","=""007001.000062""","="""""
"=""2s2.2p2.(3P).4p""","=""2S*""","=""1/2""",2,"=""""","=""13.2015647""","=""""","=""""","=""007001.000063""","="""""
"=""2s2.2p2.(3P).4p""","=""4D*""","=""1/2""",2,"=""""","=""13.2363957""","=""""","=""""","=""007001.000064""","="""""
"=""2s2.2p2.(3P).4p""","=""4D*""","=""3/2""",4,"=""""","=""13.2388265""","=""""","=""""","=""007001.000065""","="""""
"=""2s2.2p2.(3P).4p""","=""4D*""","=""5/2""",6,"=""""","=""13.2433051""","=""""","=""""","=""007001.000066""","="""""
"=""2s2.2p2.(3P).4p""","=""4D*""","=""7/2""",8,"=""""","=""13.2500220""","=""""","=""""","=""007001.000067""","="""""
"=""2s2.2p2.(3P).4p""","=""4P*""","=""1/2""",2,"=""""","=""13.2638891""","=""""","=""""","=""007001.000068""","="""""
"=""2s2.2p2.(3P).4p""","=""4P*""","=""3/2""",4,"=""""","=""13.2658173""","=""""","=""""","=""007001.000069""","="""""
"=""2s2.2p2.(3P).4p""","=""4P*""","=""5/2""",6,"=""""","=""13.2709052""","=""""","=""""","=""007001.000070""","="""""
"=""2s2.2p2.(3P).4p""","=""2D*""","=""3/2""",4,"=""""","=""13.2889721""","=""""","=""""","=""007001.000071""","="""""
"=""2s2.2p2.(3P).4p""","=""2D*""","=""5/2""",6,"=""""","=""13.2976904""","=""""","=""""","=""007001.000072""","="""""
"=""2s2.2p2.(3P).4p""","=""4S*""","=""3/2""",4,"=""""","=""13.3215593""","=""""","=""""","=""007001.000073""","="""""
"=""2s2.2p2.(3P).4p""","=""2P*""","=""1/2""",2,"=""""","=""13.3392701""","=""""","=""""","=""007001.000074""","="""""
"=""2s2.2p2.(3P).4p""","=""2P*""","=""3/2""",4,"=""""","=""13.3442064""","=""""","=""""","=""007001.000075""","="""""
"=""2s2.2p2.(3P).5s""","=""4P""","=""1/2""",2,"=""""","=""13.6149817""","=""""","=""""","=""007001.000076""","="""""
"=""2s2.2p2.(3P).5s""","=""4P""","=""3/2""",4,"=""""","=""13.6204726""","=""""","=""""","=""007001.000077""","="""""
"=""2s2.2p2.(3P).5s""","=""4P""","=""5/2""",6,"=""""","=""13.6291690""","=""""","=""""","=""007001.000078""","="""""
"=""2s2.2p2.(3P).5s""","=""2P""","=""1/2""",2,"=""""","=""13.6426905""","=""""","=""""","=""007001.000079""","="""""
"=""2s2.2p2.(3P).5s""","=""2P""","=""3/2""",4,"=""""","=""13.6511356""","=""""","=""""","=""007001.000080""","="""""
"=""2s2.2p2.(3P).4d""","=""4F""","=""3/2""",4,"=""""","=""13.6623958""","=""""","=""""","=""007001.000081""","="""""
"=""2s2.2p2.(3P).4d""","=""4F""","=""5/2""",6,"=""""","=""13.6645956""","=""""","=""""","=""007001.000082""","="""""
"=""2s2.2p2.(3P).4d""","=""4F""","=""7/2""",8,"=""""","=""13.6689216""","=""""","=""""","=""007001.000085""","="""""
"=""2s2.2p2.(3P).4d""","=""4F""","=""9/2""",10,"=""""","=""13.6758579""","=""""","=""""","=""007001.000088""","="""""
"=""2s2.2p2.(3P).4d""","=""2P""","=""3/2""",4,"=""""","=""13.6655516""","=""""","=""""","=""007001.000083""","="""""
"=""2s2.2p2.(3P).4d""","=""2P""","=""1/2""",2,"=""""","=""13.6686606""","=""""","=""""","=""007001.000084""","="""""
"=""2s2.2p2.(3P).4d""","=""2F""","=""5/2""",6,"=""""","=""13.6737591""","=""""","=""""","=""007001.000086""","="""""
"=""2s2.2p2.(3P).4d""","=""2F""","=""7/2""",8,"=""""","=""13.6832014""","=""""","=""""","=""007001.000093""","="""""
"=""2s2.2p2.(3P).4d""","=""4P""","=""5/2""",6,"=""""","=""13.6754539""","=""""","=""""","=""007001.000087""","="""""
"=""2s2.2p2.(3P).4d""","=""4P""","=""3/2""",4,"=""""","=""13.6782741""","=""""","=""""","=""007001.000089""","="""""
"=""2s2.2p2.(3P).4d""","=""4P""","=""1/2""",2,"=""""","=""13.6816580""","=""""","=""""","=""007001.000092""","="""""
"=""2s2.2p2.(3P).4f D""","=""2[3]*""","=""5/2""",6,"=""""","=""13.681543""","=""""","=""""","=""007001.000090""","="""""
"=""2s2.2p2.(3P).4f D""","=""2[3]*""","=""7/2""",8,"=""""","=""13.681553""","=""""","=""""","=""007001.000091""","="""""
"=""2s2.2p2.(3P).4f G""","=""2[3]*""","=""5/2""",6,"=""""","=""13.686032""","=""""","=""""","=""007001.000094""","="""""
"=""2s2.2p2.(3P).4f G""","=""2[3]*""","=""7/2""",8,"=""""","=""13.686040""","=""""","=""""","=""007001.000095""","="""""
"=""2s2.2p2.(3P).4d""","=""4D""","=""1/2""",2,"=""""","=""13.6860943""","=""""","=""""","=""007001.000096""","="""""
"=""2s2.2p2.(3P).4d""","=""4D""","=""3/2""",4,"=""""","=""13.6872930""","=""""","=""""","=""007001.000097""","="""""
"=""2s2.2p2.(3P).4d""","=""4D""","=""5/2""",6,"=""""","=""13.6880236""","=""""","=""""","=""007001.000098""","="""""
"=""2s2.2p2.(3P).4d""","=""4D""","=""7/2""",8,"=""""","=""13.6882547""","=""""","=""""","=""007001.000101""","="""""
"=""2s2.2p2.(3P).4f G""","=""2[4]*""","=""9/2""",10,"=""""","=""13.688115""","=""""","=""""","=""007001.000099""","="""""
"=""2s2.2p2.(3P).4f G""","=""2[4]*""","=""7/2""",8,"=""""","=""13.688126""","=""""","=""""","=""007001.000100""","="""""
"=""2s2.2p2.(3P).4f D""","=""2[2]*""","=""3/2""",4,"=""""","=""13.688413""","=""""","=""""","=""007001.000102""","="""""
"=""2s2.2p2.(3P).4f D""","=""2[2]*""","=""5/2""",6,"=""""","=""13.688420""","=""""","=""""","=""007001.000103""","="""""
"=""2s2.2p2.(3P).4d""","=""2D""","=""3/2""",4,"=""""","=""13.6936867""","=""""","=""""","=""007001.000104""","="""""
"=""2s2.2p2.(3P).4d""","=""2D""","=""5/2""",6,"=""""","=""13.6965647""","=""""","=""""","=""007001.000107""","="""""
"=""2s2.2p2.(3P).4f D""","=""2[1]*""","=""1/2""",2,"=""""","=""13.695269""","=""""","=""""","=""007001.000105""","="""""
"=""2s2.2p2.(3P).4f D""","=""2[1]*""","=""3/2""",4,"=""""","=""13.695269""","=""""","=""""","=""007001.000106""","="""""
"=""2s2.2p2.(3P).4f G""","=""2[5]*""","=""11/2""",12,"=""""","=""13.696918""","=""""","=""""","=""007001.000108""","="""""
"=""2s2.2p2.(3P).4f G""","=""2[5]*""","=""9/2""",10,"=""""","=""13.696936""","=""""","=""""","=""007001.000109""","="""""
"=""2s2.2p2.(3P).4f F""","=""2[2]*""","=""3/2""",4,"=""""","=""13.698513""","=""""","=""""","=""007001.000110""","="""""
"=""2s2.2p2.(3P).4f F""","=""2[2]*""","=""5/2""",6,"=""""","=""13.698523""","=""""","=""""","=""007001.000111""","="""""
"=""2s2.2p2.(3P).4f F""","=""2[3]*""","=""7/2""",8,"=""""","=""13.700058""","=""""","=""""","=""007001.000112""","="""""
"=""2s2.2p2.(3P).4f F""","=""2[3]*""","=""5/2""",6,"=""""","=""13.700059""","=""""","=""""","=""007001.000113""","="""""
"=""2s2.2p2.(3P).4f F""","=""2[4]*""","=""9/2""",10,"=""""","=""13.700462""","=""""","=""""","=""007001.000114""","="""""
"=""2s2.2p2.(3P).4f F""","=""2[4]*""","=""7/2""",8,"=""""","=""13.700481""","=""""","=""""","=""007001.000115""","="""""
"=""2s2.2p2.(1D).3p""","=""2D*""","=""3/2""",4,"=""""","=""13.7028638""","=""""","=""""","=""007001.000116""","="""""
"=""2s2.2p2.(1D).3p""","=""2D*""","=""5/2""",6,"=""""","=""13.7058146""","=""""","=""""","=""007001.000117""","="""""
"=""2s2.2p2.(1D).3p""","=""2F*""","=""5/2""",6,"=""""","=""13.7263822""","=""""","=""""","=""007001.000118""","="""""
"=""2s2.2p2.(1D).3p""","=""2F*""","=""7/2""",8,"=""""","=""13.7269294""","=""""","=""""","=""007001.000119""","="""""
"=""2s2.2p2.(3P).5p""","=""2S*""","=""1/2""",2,"=""""","=""13.7697973""","=""""","=""""","=""007001.000120""","="""""
"=""2s2.2p2.(3P).5p""","=""4D*""","=""1/2""",2,"=""""","=""13.7800461""","=""""","=""""","=""007001.000121""","="""""
"=""2s2.2p2.(3P).5p""","=""4D*""","=""3/2""",4,"=""""","=""13.7827230""","=""""","=""""","=""007001.000122""","="""""
"=""2s2.2p2.(3P).5p""","=""4D*""","=""5/2""",6,"=""""","=""13.7875408""","=""""","=""""","=""007001.000124""","="""""
"=""2s2.2p2.(3P).5p""","=""4D*""","=""7/2""",8,"=""""","=""13.7945902""","=""""","=""""","=""007001.000126""","="""""
"=""2s2.2p2.(3P).5p""","=""2P*""","=""1/2""",2,"=""""","=""13.7869000""","=""""","=""""","=""007001.000123""","="""""
"=""2s2.2p2.(3P).5p""","=""2P*""","=""3/2""",4,"=""""","=""13.7886883""","=""""","=""""","=""007001.000125""","="""""
"=""2s2.2p2.(3P).5p""","=""4P*""","=""1/2""",2,"=""""","=""13.7959196""","=""""","=""""","=""007001.000127""","="""""
"=""2s2.2p2.(3P).5p""","=""4P*""","=""3/2""",4,"=""""","=""13.7976614""","=""""","=""""","=""007001.000128""","="""""
"=""2s2.2p2.(3P).5p""","=""4P*""","=""5/2""",6,"=""""","=""13.8027638""","=""""","=""""","=""007001.000129""","="""""
"=""2s2.2p2.(3P).5p""","=""4S*""","=""3/2""",4,"=""""","=""13.8244077""","=""""","=""""","=""007001.000130""","="""""
"=""2s2.2p2.(3P).5p""","=""2D*""","=""3/2""",4,"=""""","=""13.8680121""","=""""","=""""","=""007001.000131""","="""""
"=""2s2.2p2.(3P).5p""","=""2D*""","=""5/2""",6,"=""""","=""13.8745272""","=""""","=""""","=""007001.000132""","="""""
"=""2s2.2p2.(1D).3p""","=""2P*""","=""1/2""",2,"=""""","=""13.9226824""","=""""","=""""","=""007001.000133""","="""""
"=""2s2.2p2.(1D).3p""","=""2P*""","=""3/2""",4,"=""""","=""13.9258810""","=""""","=""""","=""007001.000134""","="""""
"=""2s2.2p2.(3P).6s""","=""4P""","=""1/2""",2,"=""""","=""13.9563396""","=""""","=""""","=""007001.000135""","="""""
"=""2s2.2p2.(3P).6s""","=""4P""","=""3/2""",4,"=""""","=""13.9618125""","=""""","=""""","=""007001.000136""","="""""
"=""2s2.2p2.(3P).6s""","=""4P""","=""5/2""",6,"=""""","=""13.9707117""","=""""","=""""","=""007001.000137""","="""""
"=""2s2.2p2.(3P).6s""","=""2P""","=""1/2""",2,"=""""","=""13.972022""","=""""","=""""","=""007001.000138""","="""""
"=""2s2.2p2.(3P).6s""","=""2P""","=""3/2""",4,"=""""","=""13.9776017""","=""""","=""""","=""007001.000139""","="""""
"=""2s2.2p2.(3P).5d""","=""4F""","=""3/2""",4,"=""""","=""13.9804540""","=""""","=""""","=""007001.000140""","="""""
"=""2s2.2p2.(3P).5d""","=""4F""","=""5/2""",6,"=""""","=""13.9804985""","=""""","=""""","=""007001.000141""","="""""
"=""2s2.2p2.(3P).5d""","=""4F""","=""7/2""",8,"=""""","=""13.9851355""","=""""","=""""","=""007001.000142""","="""""
"=""2s2.2p2.(3P).5d""","=""4F""","=""9/2""",10,"=""""","=""13.9930238""","=""""","=""""","=""007001.000150""","="""""
"=""2s2.2p2.(3P).5d""","=""2P""","=""3/2""",4,"=""""","=""13.9855454""","=""""","=""""","=""007001.000143""","="""""
"=""2s2.2p2.(3P).5d""","=""2P""","=""1/2""",2,"=""""","=""13.9863558""","=""""","=""""","=""007001.000144""","="""""
"=""2s2.2p2.(3P).5d""","=""2F""","=""5/2""",6,"=""""","=""13.9869696""","=""""","=""""","=""007001.000145""","="""""
"=""2s2.2p2.(3P).5d""","=""2F""","=""7/2""",8,"=""""","=""13.9967297""","=""""","=""""","=""007001.000157""","="""""
"=""2s2.2p2.(3P).5d""","=""4P""","=""5/2""",6,"=""""","=""13.9884501""","=""""","=""""","=""007001.000146""","="""""
"=""2s2.2p2.(3P).5d""","=""4P""","=""3/2""",4,"=""""","=""13.990131""","=""""","=""""","=""007001.000149""","="""""
"=""2s2.2p2.(3P).5d""","=""4P""","=""1/2""",2,"=""""","=""13.994130""","=""""","=""""","=""007001.000152""","="""""
"=""2s2.2p2.(3P<0>).5f""","=""2[3]*""","=""5/2""",6,"=""[""","=""13.988758""","=""]""","=""""","=""007001.000147""","="""""
"=""2s2.2p2.(3P<0>).5f""","=""2[3]*""","=""7/2""",8,"=""[""","=""13.988758""","=""]""","=""""","=""007001.000148""","="""""
"=""2s2.2p2.(3P<1>).5f""","=""2[3]*""","=""5/2""",6,"=""""","=""""","=""""","=""""","=""007001.000002""","="""""
"=""2s2.2p2.(3P<1>).5f""","=""2[3]*""","=""7/2""",8,"=""""","=""13.993939""","=""""","=""""","=""007001.000151""","="""""
"=""2s2.2p2.(3P<1>).5f""","=""2[4]*""","=""9/2""",10,"=""""","=""13.995077""","=""""","=""""","=""007001.000153""","="""""
"=""2s2.2p2.(3P<1>).5f""","=""2[4]*""","=""7/2""",8,"=""""","=""13.995078""","=""""","=""""","=""007001.000154""","="""""
"=""2s2.2p2.(3P<1>).5f""","=""2[2]*""","=""3/2""",4,"=""""","=""13.99535""","=""""","=""""","=""007001.000155""","="""""
"=""2s2.2p2.(3P<1>).5f""","=""2[2]*""","=""5/2""",6,"=""""","=""13.995402""","=""""","=""""","=""007001.000156""","="""""
"=""2s2.2p2.(3P).5d""","=""4D""","=""1/2""",2,"=""""","=""13.99837""","=""""","=""""","=""007001.000158""","="""""
"=""2s2.2p2.(3P).5d""","=""4D""","=""3/2""",4,"=""""","=""13.9989413""","=""""","=""""","=""007001.000159""","="""""
"=""2s2.2p2.(3P).5d""","=""4D""","=""5/2""",6,"=""""","=""13.9991340""","=""""","=""""","=""007001.000160""","="""""
"=""2s2.2p2.(3P).5d""","=""4D""","=""7/2""",8,"=""""","=""13.9991896""","=""""","=""""","=""007001.000161""","="""""
"=""2s2.2p2.(3P).5d""","=""2D""","=""3/2""",4,"=""""","=""14.0011704""","=""""","=""""","=""007001.000162""","="""""
"=""2s2.2p2.(3P).5d""","=""2D""","=""5/2""",6,"=""""","=""14.0034956""","=""""","=""""","=""007001.000163""","="""""
"=""2s2.2p2.(3P<2>).5f""","=""2[1]*""","=""1/2""",2,"=""""","=""14.003596""","=""""","=""""","=""007001.000164""","="""""
"=""2s2.2p2.(3P<2>).5f""","=""2[1]*""","=""3/2""",4,"=""""","=""14.003596""","=""""","=""""","=""007001.000165""","="""""
"=""2s2.2p2.(3P<2>).5f""","=""2[5]*""","=""11/2""",12,"=""""","=""14.004440""","=""""","=""""","=""007001.000166""","="""""
"=""2s2.2p2.(3P<2>).5f""","=""2[5]*""","=""9/2""",10,"=""""","=""14.004453""","=""""","=""""","=""007001.000167""","="""""
"=""2s2.2p2.(3P<2>).5f""","=""2[2]*""","=""3/2""",4,"=""[""","=""14.004979""","=""]""","=""""","=""007001.000168""","="""""
"=""2s2.2p2.(3P<2>).5f""","=""2[2]*""","=""5/2""",6,"=""[""","=""14.004979""","=""]""","=""""","=""007001.000169""","="""""
"=""2s2.2p2.(3P<2>).5f""","=""2[3]*""","=""5/2""",6,"=""""","=""""","=""""","=""""","=""007001.000003""","="""""
"=""2s2.2p2.(3P<2>).5f""","=""2[3]*""","=""7/2""",8,"=""""","=""14.005920""","=""""","=""""","=""007001.000170""","="""""
"=""2s2.2p2.(3P<2>).5f""","=""2[4]*""","=""9/2""",10,"=""""","=""14.006134""","=""""","=""""","=""007001.000171""","="""""
"=""2s2.2p2.(3P<2>).5f""","=""2[4]*""","=""7/2""",8,"=""""","=""14.006148""","=""""","=""""","=""007001.000172""","="""""
"=""2s2.2p2.(3P).6p""","=""4D*""","=""1/2""",2,"=""""","=""""","=""""","=""""","=""007001.000004""","="""""
"=""2s2.2p2.(3P).6p""","=""4D*""","=""3/2""",4,"=""""","=""""","=""""","=""""","=""007001.000005""","="""""
"=""2s2.2p2.(3P).6p""","=""4D*""","=""5/2""",6,"=""""","=""14.04834""","=""""","=""""","=""007001.000173""","="""""
"=""2s2.2p2.(3P).6p""","=""4D*""","=""7/2""",8,"=""""","=""14.05615""","=""""","=""""","=""007001.000175""","="""""
"=""2s2.2p2.(3P).6p""","=""4P*""","=""1/2""",2,"=""""","=""""","=""""","=""""","=""007001.000006""","="""""
"=""2s2.2p2.(3P).6p""","=""4P*""","=""3/2""",4,"=""""","=""14.05358""","=""""","=""""","=""007001.000174""","="""""
"=""2s2.2p2.(3P).6p""","=""4P*""","=""5/2""",6,"=""""","=""14.06011""","=""""","=""""","=""007001.000176""","="""""
"=""2s2.2p2.(3P).7s""","=""4P""","=""1/2""",2,"=""""","=""14.1375033""","=""""","=""""","=""007001.000177""","="""""
"=""2s2.2p2.(3P).7s""","=""4P""","=""3/2""",4,"=""""","=""14.1430205""","=""""","=""""","=""007001.000178""","="""""
"=""2s2.2p2.(3P).7s""","=""4P""","=""5/2""",6,"=""""","=""14.1523654""","=""""","=""""","=""007001.000182""","="""""
"=""2s2.2p2.(3P).7s""","=""2P""","=""1/2""",2,"=""""","=""14.14810""","=""""","=""""","=""007001.000179""","="""""
"=""2s2.2p2.(3P).7s""","=""2P""","=""3/2""",4,"=""""","=""14.15975""","=""""","=""""","=""007001.000191""","="""""
"=""2s2.2p2.(3P).6d""","=""4F""","=""3/2""",4,"=""""","=""14.14960""","=""""","=""""","=""007001.000180""","="""""
"=""2s2.2p2.(3P).6d""","=""4F""","=""5/2""",6,"=""""","=""14.15065""","=""""","=""""","=""007001.000181""","="""""
"=""2s2.2p2.(3P).6d""","=""4F""","=""7/2""",8,"=""""","=""14.1559871""","=""""","=""""","=""007001.000186""","="""""
"=""2s2.2p2.(3P).6d""","=""4F""","=""9/2""",10,"=""""","=""14.1646131""","=""""","=""""","=""007001.000198""","="""""
"=""2s2.2p2.(3P).6d""","=""2P""","=""3/2""",4,"=""""","=""14.15533""","=""""","=""""","=""007001.000183""","="""""
"=""2s2.2p2.(3P).6d""","=""2P""","=""1/2""",2,"=""""","=""14.15695""","=""""","=""""","=""007001.000188""","="""""
"=""2s2.2p2.(3P<0>).6f""","=""2[3]*""","=""5/2""",6,"=""""","=""14.155521""","=""""","=""""","=""007001.000184""","="""""
"=""2s2.2p2.(3P<0>).6f""","=""2[3]*""","=""7/2""",8,"=""""","=""14.155521""","=""""","=""""","=""007001.000185""","="""""
"=""2s2.2p2.(3P).6d""","=""2F""","=""5/2""",6,"=""""","=""14.15685""","=""""","=""""","=""007001.000187""","="""""
"=""2s2.2p2.(3P).6d""","=""2F""","=""7/2""",8,"=""""","=""14.16669""","=""""","=""""","=""007001.000200""","="""""
"=""2s2.2p2.(3P).6d""","=""4P""","=""5/2""",6,"=""""","=""14.15795""","=""""","=""""","=""007001.000189""","="""""
"=""2s2.2p2.(3P).6d""","=""4P""","=""3/2""",4,"=""""","=""14.15900""","=""""","=""""","=""007001.000190""","="""""
"=""2s2.2p2.(3P).6d""","=""4P""","=""1/2""",2,"=""""","=""14.16513""","=""""","=""""","=""007001.000199""","="""""
"=""2s2.2p2.(3P<1>).6f""","=""2[3]*""","=""5/2""",6,"=""""","=""14.161066""","=""""","=""""","=""007001.000192""","="""""
"=""2s2.2p2.(3P<1>).6f""","=""2[3]*""","=""7/2""",8,"=""""","=""14.161066""","=""""","=""""","=""007001.000193""","="""""
"=""2s2.2p2.(3P<1>).6f""","=""2[4]*""","=""7/2""",8,"=""""","=""14.161733""","=""""","=""""","=""007001.000194""","="""""
"=""2s2.2p2.(3P<1>).6f""","=""2[4]*""","=""9/2""",10,"=""""","=""14.161733""","=""""","=""""","=""007001.000195""","="""""
"=""2s2.2p2.(3P<1>).6f""","=""2[2]*""","=""3/2""",4,"=""""","=""14.161956""","=""""","=""""","=""007001.000196""","="""""
"=""2s2.2p2.(3P<1>).6f""","=""2[2]*""","=""5/2""",6,"=""""","=""14.161956""","=""""","=""""","=""007001.000197""","="""""
"=""2s2.2p2.(3P).6d""","=""4D""","=""1/2""",2,"=""""","=""14.16790""","=""""","=""""","=""007001.000201""","="""""
"=""2s2.2p2.(3P).6d""","=""4D""","=""3/2""",4,"=""""","=""14.16800""","=""""","=""""","=""007001.000202""","="""""
"=""2s2.2p2.(3P).6d""","=""4D""","=""5/2""",6,"=""""","=""14.16817""","=""""","=""""","=""007001.000203""","="""""
"=""2s2.2p2.(3P).6d""","=""4D""","=""7/2""",8,"=""""","=""14.16818""","=""""","=""""","=""007001.000204""","="""""
"=""2s2.2p2.(3P).6d""","=""2D""","=""3/2""",4,"=""""","=""14.16854""","=""""","=""""","=""007001.000205""","="""""
"=""2s2.2p2.(3P).6d""","=""2D""","=""5/2""",6,"=""""","=""14.17059""","=""""","=""""","=""007001.000206""","="""""
"=""2s2.2p2.(3P<2>).6f""","=""2[1]*""","=""1/2""",2,"=""[""","=""14.170922""","=""]""","=""""","=""007001.000207""","="""""
"=""2s2.2p2.(3P<2>).6f""","=""2[1]*""","=""3/2""",4,"=""[""","=""14.170922""","=""]""","=""""","=""007001.000208""","="""""
"=""2s2.2p2.(3P<2>).6f""","=""2[5]*""","=""9/2""",10,"=""""","=""14.1714075""","=""""","=""""","=""007001.000209""","="""""
"=""2s2.2p2.(3P<2>).6f""","=""2[5]*""","=""11/2""",12,"=""""","=""14.1714075""","=""""","=""""","=""007001.000210""","="""""
"=""2s2.2p2.(3P<2>).6f""","=""2[2]*""","=""3/2""",4,"=""""","=""14.171644""","=""""","=""""","=""007001.000211""","="""""
"=""2s2.2p2.(3P<2>).6f""","=""2[2]*""","=""5/2""",6,"=""""","=""14.171644""","=""""","=""""","=""007001.000212""","="""""
"=""2s2.2p2.(3P<2>).6f""","=""2[3]*""","=""5/2""",6,"=""""","=""14.172223""","=""""","=""""","=""007001.000213""","="""""
"=""2s2.2p2.(3P<2>).6f""","=""2[3]*""","=""7/2""",8,"=""""","=""14.172223""","=""""","=""""","=""007001.000214""","="""""
"=""2s2.2p2.(3P<2>).6f""","=""2[4]*""","=""7/2""",8,"=""""","=""14.172360""","=""""","=""""","=""007001.000215""","="""""
"=""2s2.2p2.(3P<2>).6f""","=""2[4]*""","=""9/2""",10,"=""""","=""14.172360""","=""""","=""""","=""007001.000216""","="""""
"=""2s2.2p2.(3P).7p""","=""4D*""","=""1/2""",2,"=""""","=""""","=""""","=""""","=""007001.000007""","="""""
"=""2s2.2p2.(3P).7p""","=""4D*""","=""3/2""",4,"=""""","=""""","=""""","=""""","=""007001.000008""","="""""
"=""2s2.2p2.(3P).7p""","=""4D*""","=""5/2""",6,"=""""","=""""","=""""","=""""","=""007001.000009""","="""""
"=""2s2.2p2.(3P).7p""","=""4D*""","=""7/2""",8,"=""""","=""14.20184""","=""""","=""""","=""007001.000217""","="""""
"=""2s2.2p2.(3P).8s""","=""4P""","=""1/2""",2,"=""""","=""14.24504""","=""""","=""""","=""007001.000218""","="""""
"=""2s2.2p2.(3P).8s""","=""4P""","=""3/2""",4,"=""""","=""14.25063""","=""""","=""""","=""007001.000219""","="""""
"=""2s2.2p2.(3P).8s""","=""4P""","=""5/2""",6,"=""""","=""14.26082""","=""""","=""""","=""007001.000229""","="""""
"=""2s2.2p2.(3P).7d""","=""4F""","=""3/2""",4,"=""""","=""14.25229""","=""""","=""""","=""007001.000220""","="""""
"=""2s2.2p2.(3P).7d""","=""4F""","=""5/2""",6,"=""""","=""14.25310""","=""""","=""""","=""007001.000221""","="""""
"=""2s2.2p2.(3P).7d""","=""4F""","=""7/2""",8,"=""""","=""14.25863""","=""""","=""""","=""007001.000225""","="""""
"=""2s2.2p2.(3P).7d""","=""4F""","=""9/2""",10,"=""""","=""14.26775""","=""""","=""""","=""007001.000231""","="""""
"=""2s2.2p2.(3P).8s""","=""2P""","=""1/2""",2,"=""""","=""14.25361""","=""""","=""""","=""007001.000222""","="""""
"=""2s2.2p2.(3P).8s""","=""2P""","=""3/2""",4,"=""""","=""14.26232""","=""""","=""""","=""007001.000230""","="""""
"=""2s2.2p2.(3P).7d""","=""2P""","=""3/2""",4,"=""""","=""14.25729""","=""""","=""""","=""007001.000223""","="""""
"=""2s2.2p2.(3P).7d""","=""2P""","=""1/2""",2,"=""""","=""14.25941""","=""""","=""""","=""007001.000226""","="""""
"=""2s2.2p2.(3P).7d""","=""2F""","=""5/2""",6,"=""""","=""14.25855""","=""""","=""""","=""007001.000224""","="""""
"=""2s2.2p2.(3P).7d""","=""2F""","=""7/2""",8,"=""""","=""14.26896""","=""""","=""""","=""007001.000232""","="""""
"=""2s2.2p2.(3P).7d""","=""4P""","=""1/2""",2,"=""""","=""""","=""""","=""""","=""007001.000010""","="""""
"=""2s2.2p2.(3P).7d""","=""4P""","=""5/2""",6,"=""""","=""14.25955""","=""""","=""""","=""007001.000227""","="""""
"=""2s2.2p2.(3P).7d""","=""4P""","=""3/2""",4,"=""""","=""14.26050""","=""""","=""""","=""007001.000228""","="""""
"=""2s2.2p2.(3P).7d""","=""4D""","=""1/2""",2,"=""""","=""14.26975""","=""""","=""""","=""007001.000233""","="""""
"=""2s2.2p2.(3P).7d""","=""4D""","=""7/2""",8,"=""""","=""14.26989""","=""""","=""""","=""007001.000234""","="""""
"=""2s2.2p2.(3P).7d""","=""4D""","=""3/2""",4,"=""""","=""14.26990""","=""""","=""""","=""007001.000235""","="""""
"=""2s2.2p2.(3P).7d""","=""4D""","=""5/2""",6,"=""""","=""14.26991""","=""""","=""""","=""007001.000236""","="""""
"=""2s2.2p2.(3P).7d""","=""2D""","=""3/2""",4,"=""""","=""14.27058""","=""""","=""""","=""007001.000237""","="""""
"=""2s2.2p2.(3P).7d""","=""2D""","=""5/2""",6,"=""""","=""14.27135""","=""""","=""""","=""007001.000238""","="""""
"=""2s2.2p2.(3P).9s""","=""4P""","=""1/2""",2,"=""""","=""14.31391""","=""""","=""""","=""007001.000239""","="""""
"=""2s2.2p2.(3P).9s""","=""4P""","=""3/2""",4,"=""""","=""14.31962""","=""""","=""""","=""007001.000242""","="""""
"=""2s2.2p2.(3P).9s""","=""4P""","=""5/2""",6,"=""""","=""14.32967""","=""""","=""""","=""007001.000248""","="""""
"=""2s2.2p2.(3P).9s""","=""2P""","=""1/2""",2,"=""""","=""14.318""","=""""","=""""","=""007001.000240""","="""""
"=""2s2.2p2.(3P).9s""","=""2P""","=""3/2""",4,"=""""","=""14.318""","=""""","=""""","=""007001.000241""","="""""
"=""2s2.2p2.(3P).8d""","=""4F""","=""3/2""",4,"=""""","=""""","=""""","=""""","=""007001.000011""","="""""
"=""2s2.2p2.(3P).8d""","=""4F""","=""5/2""",6,"=""""","=""14.31962""","=""""","=""""","=""007001.000243""","="""""
"=""2s2.2p2.(3P).8d""","=""4F""","=""7/2""",8,"=""""","=""14.32486""","=""""","=""""","=""007001.000246""","="""""
"=""2s2.2p2.(3P).8d""","=""4F""","=""9/2""",10,"=""""","=""14.33422""","=""""","=""""","=""007001.000250""","="""""
"=""2s2.2p2.(3P).8d""","=""2P""","=""1/2""",2,"=""""","=""14.324""","=""""","=""""","=""007001.000244""","="""""
"=""2s2.2p2.(3P).8d""","=""2P""","=""3/2""",4,"=""""","=""14.32456""","=""""","=""""","=""007001.000245""","="""""
"=""2s2.2p2.(3P).8d""","=""2F""","=""5/2""",6,"=""""","=""14.32494""","=""""","=""""","=""007001.000247""","="""""
"=""2s2.2p2.(3P).8d""","=""2F""","=""7/2""",8,"=""""","=""14.33513""","=""""","=""""","=""007001.000254""","="""""
"=""2s2.2p2.(3P).8d""","=""2D""","=""3/2""",4,"=""""","=""14.3322""","=""""","=""""","=""007001.000249""","="""""
"=""2s2.2p2.(3P).8d""","=""2D""","=""5/2""",6,"=""""","=""14.33673""","=""""","=""""","=""007001.000259""","="""""
"=""2s2.2p2.(3P).8d""","=""4P""","=""1/2""",2,"=""""","=""14.3348""","=""""","=""""","=""007001.000251""","="""""
"=""2s2.2p2.(3P).8d""","=""4P""","=""3/2""",4,"=""""","=""14.3348""","=""""","=""""","=""007001.000252""","="""""
"=""2s2.2p2.(3P).8d""","=""4P""","=""5/2""",6,"=""""","=""14.3348""","=""""","=""""","=""007001.000253""","="""""
"=""2s2.2p2.(3P).8d""","=""4D""","=""1/2""",2,"=""""","=""14.33561""","=""""","=""""","=""007001.000255""","="""""
"=""2s2.2p2.(3P).8d""","=""4D""","=""3/2""",4,"=""""","=""14.33591""","=""""","=""""","=""007001.000256""","="""""
"=""2s2.2p2.(3P).8d""","=""4D""","=""5/2""",6,"=""""","=""14.33591""","=""""","=""""","=""007001.000257""","="""""
"=""2s2.2p2.(3P).8d""","=""4D""","=""7/2""",8,"=""""","=""14.33601""","=""""","=""""","=""007001.000258""","="""""
"=""2s2.2p2.(3P).10s""","=""4P""","=""1/2""",2,"=""""","=""14.36100""","=""""","=""""","=""007001.000260""","="""""
"=""2s2.2p2.(3P).10s""","=""4P""","=""3/2""",4,"=""""","=""14.36685""","=""""","=""""","=""007001.000263""","="""""
"=""2s2.2p2.(3P).10s""","=""4P""","=""5/2""",6,"=""""","=""14.37661""","=""""","=""""","=""007001.000272""","="""""
"=""2s2.2p2.(3P).10s""","=""2P""","=""1/2""",2,"=""""","=""14.3626""","=""""","=""""","=""007001.000261""","="""""
"=""2s2.2p2.(3P).10s""","=""2P""","=""3/2""",4,"=""""","=""14.3626""","=""""","=""""","=""007001.000262""","="""""
"=""2s2.2p2.(3P).9d""","=""4D""","=""1/2""",2,"=""""","=""14.3682""","=""""","=""""","=""007001.000264""","="""""
"=""2s2.2p2.(3P).9d""","=""4D""","=""3/2""",4,"=""""","=""14.3682""","=""""","=""""","=""007001.000265""","="""""
"=""2s2.2p2.(3P).9d""","=""4D""","=""5/2""",6,"=""""","=""14.3682""","=""""","=""""","=""007001.000266""","="""""
"=""2s2.2p2.(3P).9d""","=""4D""","=""7/2""",8,"=""""","=""14.3682""","=""""","=""""","=""007001.000267""","="""""
"=""2s2.2p2.(3P).9d""","=""2P""","=""1/2""",2,"=""""","=""14.3684""","=""""","=""""","=""007001.000268""","="""""
"=""2s2.2p2.(3P).9d""","=""2P""","=""3/2""",4,"=""""","=""14.3684""","=""""","=""""","=""007001.000269""","="""""
"=""2s2.2p2.(3P).9d""","=""2F""","=""5/2""",6,"=""""","=""14.3700""","=""""","=""""","=""007001.000270""","="""""
"=""2s2.2p2.(3P).9d""","=""2F""","=""7/2""",8,"=""""","=""14.3700""","=""""","=""""","=""007001.000271""","="""""
"=""2s2.2p2.(3P).9d""","=""2D""","=""3/2""",4,"=""""","=""14.3788""","=""""","=""""","=""007001.000273""","="""""
"=""2s2.2p2.(3P).9d""","=""2D""","=""5/2""",6,"=""""","=""14.3811""","=""""","=""""","=""007001.000277""","="""""
"=""2s2.2p2.(3P).9d""","=""4P""","=""1/2""",2,"=""""","=""14.381""","=""""","=""""","=""007001.000274""","="""""
"=""2s2.2p2.(3P).9d""","=""4P""","=""3/2""",4,"=""""","=""14.381""","=""""","=""""","=""007001.000275""","="""""
"=""2s2.2p2.(3P).9d""","=""4P""","=""5/2""",6,"=""""","=""14.381""","=""""","=""""","=""007001.000276""","="""""
"=""2s2.2p2.(3P).11s""","=""2P""","=""1/2""",2,"=""""","=""14.3954""","=""""","=""""","=""007001.000278""","="""""
"=""2s2.2p2.(3P).11s""","=""2P""","=""3/2""",4,"=""""","=""14.3954""","=""""","=""""","=""007001.000279""","="""""
"=""2s2.2p2.(3P).11s""","=""4P""","=""1/2""",2,"=""""","=""14.3975""","=""""","=""""","=""007001.000280""","="""""
"=""2s2.2p2.(3P).11s""","=""4P""","=""3/2""",4,"=""""","=""14.3975""","=""""","=""""","=""007001.000281""","="""""
"=""2s2.2p2.(3P).11s""","=""4P""","=""5/2""",6,"=""""","=""14.3975""","=""""","=""""","=""007001.000282""","="""""
"=""2s2.2p2.(3P).10d""","=""2P""","=""1/2""",2,"=""""","=""14.4014""","=""""","=""""","=""007001.000283""","="""""
"=""2s2.2p2.(3P).10d""","=""2P""","=""3/2""",4,"=""""","=""14.4014""","=""""","=""""","=""007001.000284""","="""""
"=""2s2.2p2.(3P).10d""","=""2F""","=""5/2""",6,"=""""","=""14.4019""","=""""","=""""","=""007001.000285""","="""""
"=""2s2.2p2.(3P).10d""","=""2F""","=""7/2""",8,"=""""","=""14.4019""","=""""","=""""","=""007001.000286""","="""""
"=""2s2.2p2.(3P).10d""","=""4D""","=""1/2""",2,"=""""","=""14.4025""","=""""","=""""","=""007001.000287""","="""""
"=""2s2.2p2.(3P).10d""","=""4D""","=""3/2""",4,"=""""","=""14.4025""","=""""","=""""","=""007001.000288""","="""""
"=""2s2.2p2.(3P).10d""","=""4D""","=""5/2""",6,"=""""","=""14.4025""","=""""","=""""","=""007001.000289""","="""""
"=""2s2.2p2.(3P).10d""","=""4D""","=""7/2""",8,"=""""","=""14.4025""","=""""","=""""","=""007001.000290""","="""""
"=""2s2.2p2.(3P).10d""","=""2D""","=""3/2""",4,"=""""","=""14.412""","=""""","=""""","=""007001.000291""","="""""
"=""2s2.2p2.(3P).10d""","=""2D""","=""5/2""",6,"=""""","=""14.412""","=""""","=""""","=""007001.000292""","="""""
"=""2s2.2p2.(3P).10d""","=""4P""","=""1/2""",2,"=""""","=""14.4143""","=""""","=""""","=""007001.000293""","="""""
"=""2s2.2p2.(3P).10d""","=""4P""","=""3/2""",4,"=""""","=""14.4143""","=""""","=""""","=""007001.000294""","="""""
"=""2s2.2p2.(3P).10d""","=""4P""","=""5/2""",6,"=""""","=""14.4143""","=""""","=""""","=""007001.000295""","="""""
"=""2s2.2p2.(1S).3s""","=""2S""","=""1/2""",2,"=""""","=""14.4167038""","=""""","=""""","=""007001.000296""","="""""
"=""2s2.2p2.(3P).12s""","=""2P""","=""1/2""",2,"=""""","=""14.4200""","=""""","=""""","=""007001.000297""","="""""
"=""2s2.2p2.(3P).12s""","=""2P""","=""3/2""",4,"=""""","=""14.4200""","=""""","=""""","=""007001.000298""","="""""
"=""2s2.2p2.(3P).12s""","=""4P""","=""1/2""",2,"=""""","=""14.4209""","=""""","=""""","=""007001.000299""","="""""
"=""2s2.2p2.(3P).12s""","=""4P""","=""3/2""",4,"=""""","=""14.4209""","=""""","=""""","=""007001.000300""","="""""
"=""2s2.2p2.(3P).12s""","=""4P""","=""5/2""",6,"=""""","=""14.4209""","=""""","=""""","=""007001.000301""","="""""
"=""2s2.2p2.(3P).11d""","=""2P""","=""1/2""",2,"=""""","=""14.4257""","=""""","=""""","=""007001.000302""","="""""
"=""2s2.2p2.(3P).11d""","=""2P""","=""3/2""",4,"=""""","=""14.4257""","=""""","=""""","=""007001.000303""","="""""
"=""2s2.2p2.(3P).11d""","=""2F""","=""5/2""",6,"=""""","=""14.4267""","=""""","=""""","=""007001.000304""","="""""
"=""2s2.2p2.(3P).11d""","=""2F""","=""7/2""",8,"=""""","=""14.4267""","=""""","=""""","=""007001.000305""","="""""
"=""2s2.2p2.(3P).11d""","=""4D""","=""1/2""",2,"=""""","=""14.4277""","=""""","=""""","=""007001.000306""","="""""
"=""2s2.2p2.(3P).11d""","=""4D""","=""3/2""",4,"=""""","=""14.4277""","=""""","=""""","=""007001.000307""","="""""
"=""2s2.2p2.(3P).11d""","=""4D""","=""5/2""",6,"=""""","=""14.4277""","=""""","=""""","=""007001.000308""","="""""
"=""2s2.2p2.(3P).11d""","=""4D""","=""7/2""",8,"=""""","=""14.4277""","=""""","=""""","=""007001.000309""","="""""
"=""2s2.2p2.(3P).11d""","=""2D""","=""3/2""",4,"=""""","=""14.4362""","=""""","=""""","=""007001.000310""","="""""
"=""2s2.2p2.(3P).11d""","=""2D""","=""5/2""",6,"=""""","=""14.4362""","=""""","=""""","=""007001.000311""","="""""
"=""2s2.2p2.(3P).11d""","=""4P""","=""1/2""",2,"=""""","=""14.4368""","=""""","=""""","=""007001.000312""","="""""
"=""2s2.2p2.(3P).11d""","=""4P""","=""3/2""",4,"=""""","=""14.4368""","=""""","=""""","=""007001.000313""","="""""
"=""2s2.2p2.(3P).11d""","=""4P""","=""5/2""",6,"=""""","=""14.4368""","=""""","=""""","=""007001.000314""","="""""
"=""2s2.2p2.(3P).13s""","=""2P""","=""1/2""",2,"=""""","=""14.4401""","=""""","=""""","=""007001.000315""","="""""
"=""2s2.2p2.(3P).13s""","=""2P""","=""3/2""",4,"=""""","=""14.4401""","=""""","=""""","=""007001.000316""","="""""
"=""2s2.2p2.(3P).12d""","=""2P""","=""1/2""",2,"=""""","=""14.4444""","=""""","=""""","=""007001.000317""","="""""
"=""2s2.2p2.(3P).12d""","=""2P""","=""3/2""",4,"=""""","=""14.4444""","=""""","=""""","=""007001.000318""","="""""
"=""2s2.2p2.(3P).12d""","=""4P""","=""1/2""",2,"=""""","=""14.4542""","=""""","=""""","=""007001.000319""","="""""
"=""2s2.2p2.(3P).12d""","=""4P""","=""3/2""",4,"=""""","=""14.4542""","=""""","=""""","=""007001.000320""","="""""
"=""2s2.2p2.(3P).12d""","=""4P""","=""5/2""",6,"=""""","=""14.4542""","=""""","=""""","=""007001.000321""","="""""
"=""2s2.2p2.(3P).12d""","=""2D""","=""3/2""",4,"=""""","=""14.4597""","=""""","=""""","=""007001.000322""","="""""
"=""2s2.2p2.(3P).12d""","=""2D""","=""5/2""",6,"=""""","=""14.4597""","=""""","=""""","=""007001.000323""","="""""
"=""N II (2p2 3P<0>)""","=""Limit""","=""---""",,"=""""","=""14.53413""","=""""","=""0.00004""","=""007001.Lim001""","=""L1411"""
"=""N II (2p2 3P<1>)""","=""Limit""","=""---""",,"=""""","=""14.54017""","=""""","=""""","=""007001.Lim002""","="""""
"=""N II (2p2 3P<2>)""","=""Limit""","=""---""",,"=""""","=""14.550347""","=""""","=""""","=""007001.Lim003""","="""""
"=""2s2.2p2.(1D).4s""","=""2D""","=""3/2""",4,"=""""","=""14.78016""","=""""","=""""","=""007001.000327""","="""""
"=""2s2.2p2.(1D).4s""","=""2D""","=""5/2""",6,"=""""","=""14.78016""","=""""","=""""","=""007001.000328""","="""""
"=""2s2.2p2.(1D).3d""","=""2F""","=""5/2""",6,"=""""","=""""","=""""","=""""","=""007001.000012""","="""""
"=""2s2.2p2.(1D).3d""","=""2F""","=""7/2""",8,"=""""","=""14.85491""","=""""","=""""","=""007001.000329""","="""""
"=""2s2.2p2.(1D).3d""","=""2G""","=""9/2""",10,"=""""","=""14.8966070""","=""""","=""""","=""007001.000330""","="""""
"=""2s2.2p2.(1D).3d""","=""2G""","=""7/2""",8,"=""""","=""14.8966178""","=""""","=""""","=""007001.000331""","="""""
"=""2s2.2p2.(1D).3d""","=""2D""","=""5/2""",6,"=""""","=""14.89671""","=""""","=""""","=""007001.000332""","="""""
"=""2s2.2p2.(1D).3d""","=""2D""","=""3/2""",4,"=""""","=""14.89742""","=""""","=""""","=""007001.000333""","="""""
"=""2s2.2p2.(1D).3d""","=""2P""","=""3/2""",4,"=""""","=""14.91649""","=""""","=""""","=""007001.000334""","="""""
"=""2s2.2p2.(1D).3d""","=""2P""","=""1/2""",2,"=""""","=""14.91669""","=""""","=""""","=""007001.000335""","="""""
"=""2s2.2p2.(1D).3d""","=""2S""","=""1/2""",2,"=""""","=""14.94828""","=""""","=""""","=""007001.000336""","="""""
"=""2s.2p4""","=""2D""","=""3/2""",4,"=""""","=""""","=""""","=""""","=""007001.000013""","="""""
"=""2s.2p4""","=""2D""","=""5/2""",6,"=""""","=""15.02695""","=""""","=""""","=""007001.000337""","="""""
"=""2s2.2p2.(1D).4p""","=""2F*""","=""5/2""",6,"=""""","=""15.15662""","=""""","=""""","=""007001.000338""","="""""
"=""2s2.2p2.(1D).4p""","=""2F*""","=""7/2""",8,"=""""","=""15.15662""","=""""","=""""","=""007001.000339""","="""""
"=""2s2.2p2.(1D).4f H""","=""2[5]*""","=""9/2""",10,"=""""","=""15.583335""","=""""","=""""","=""007001.000340""","="""""
"=""2s2.2p2.(1D).4f H""","=""2[5]*""","=""11/2""",12,"=""""","=""15.583335""","=""""","=""""","=""007001.000341""","="""""
"=""2s.2p3.(5S*).3s""","=""6S*""","=""5/2""",6,"=""[""","=""16.241930""","=""]+x""","=""""","=""007001.000342""","="""""
"=""2s.2p3.(5S*).3p""","=""6P""","=""3/2""",4,"=""""","=""17.615768""","=""+x""","=""""","=""007001.000343""","="""""
"=""2s.2p3.(5S*).3p""","=""6P""","=""5/2""",6,"=""""","=""17.615912""","=""+x""","=""""","=""007001.000344""","="""""
"=""2s.2p3.(5S*).3p""","=""6P""","=""7/2""",8,"=""""","=""17.616187""","=""+x""","=""""","=""007001.000345""","="""""
"=""2s.2p3.(5S*).3p""","=""4P""","=""1/2""",2,"=""""","=""17.898""","=""""","=""""","=""007001.000346""","="""""
"=""2s.2p3.(5S*).3p""","=""4P""","=""3/2""",4,"=""""","=""17.898""","=""""","=""""","=""007001.000347""","="""""
"=""2s.2p3.(5S*).3p""","=""4P""","=""5/2""",6,"=""""","=""17.898""","=""""","=""""","=""007001.000348""","="""""
"=""2s.2p3.(5S*).4p""","=""4P""","=""1/2""",2,"=""""","=""19.1480""","=""""","=""""","=""007001.000349""","="""""
"=""2s.2p3.(5S*).4p""","=""4P""","=""3/2""",4,"=""""","=""19.1480""","=""""","=""""","=""007001.000350""","="""""
"=""2s.2p3.(5S*).4p""","=""4P""","=""5/2""",6,"=""""","=""19.1480""","=""""","=""""","=""007001.000351""","="""""
"=""2s.2p3.(5S*).5p""","=""4P""","=""1/2""",2,"=""""","=""19.6294""","=""""","=""""","=""007001.000352""","="""""
"=""2s.2p3.(5S*).5p""","=""4P""","=""3/2""",4,"=""""","=""19.6294""","=""""","=""""","=""007001.000353""","="""""
"=""2s.2p3.(5S*).5p""","=""4P""","=""5/2""",6,"=""""","=""19.6294""","=""""","=""""","=""007001.000354""","="""""
"=""2s.2p3.(5S*).6p""","=""4P""","=""1/2""",2,"=""""","=""19.8674""","=""""","=""""","=""007001.000355""","="""""
"=""2s.2p3.(5S*).6p""","=""4P""","=""3/2""",4,"=""""","=""19.8674""","=""""","=""""","=""007001.000356""","="""""
"=""2s.2p3.(5S*).6p""","=""4P""","=""5/2""",6,"=""""","=""19.8674""","=""""","=""""","=""007001.000357""","="""""
"=""2s.2p3.(5S*).7p""","=""4P""","=""1/2""",2,"=""""","=""20.002""","=""""","=""""","=""007001.000358""","="""""
"=""2s.2p3.(5S*).7p""","=""4P""","=""3/2""",4,"=""""","=""20.002""","=""""","=""""","=""007001.000359""","="""""
"=""2s.2p3.(5S*).7p""","=""4P""","=""5/2""",6,"=""""","=""20.002""","=""""","=""""","=""007001.000360""","="""""
"=""2s.2p3.(5S*).8p""","=""4P""","=""1/2""",2,"=""""","=""20.0861""","=""""","=""""","=""007001.000361""","="""""
"=""2s.2p3.(5S*).8p""","=""4P""","=""3/2""",4,"=""""","=""20.0861""","=""""","=""""","=""007001.000362""","="""""
"=""2s.2p3.(5S*).8p""","=""4P""","=""5/2""",6,"=""""","=""20.0861""","=""""","=""""","=""007001.000363""","="""""
"=""2s.2p3.(5S*).9p""","=""4P""","=""1/2""",2,"=""[""","=""20.1395""","=""]""","=""""","=""007001.000364""","="""""
"=""2s.2p3.(5S*).9p""","=""4P""","=""3/2""",4,"=""[""","=""20.1395""","=""]""","=""""","=""007001.000365""","="""""
"=""2s.2p3.(5S*).9p""","=""4P""","=""5/2""",6,"=""[""","=""20.1395""","=""]""","=""""","=""007001.000366""","="""""
"=""2s.2p3.(5S*).10p""","=""4P""","=""1/2""",2,"=""""","=""20.181""","=""""","=""""","=""007001.000367""","="""""
"=""2s.2p3.(5S*).10p""","=""4P""","=""3/2""",4,"=""""","=""20.181""","=""""","=""""","=""007001.000368""","="""""
"=""2s.2p3.(5S*).10p""","=""4P""","=""5/2""",6,"=""""","=""20.181""","=""""","=""""","=""007001.000369""","="""""
"=""2s.2p3.(5S*).11p""","=""4P""","=""1/2""",2,"=""""","=""20.2093""","=""""","=""""","=""007001.000370""","="""""
"=""2s.2p3.(5S*).11p""","=""4P""","=""3/2""",4,"=""""","=""20.2093""","=""""","=""""","=""007001.000371""","="""""
"=""2s.2p3.(5S*).11p""","=""4P""","=""5/2""",6,"=""""","=""20.2093""","=""""","=""""","=""007001.000372""","="""""
"=""2s.2p3.(5S*).12p""","=""4P""","=""1/2""",2,"=""""","=""20.2296""","=""""","=""""","=""007001.000373""","="""""
"=""2s.2p3.(5S*).12p""","=""4P""","=""3/2""",4,"=""""","=""20.2296""","=""""","=""""","=""007001.000374""","="""""
"=""2s.2p3.(5S*).12p""","=""4P""","=""5/2""",6,"=""""","=""20.2296""","=""""","=""""","=""007001.000375""","="""""
"=""2s.2p3.(5S*).13p""","=""4P""","=""1/2""",2,"=""""","=""20.2464""","=""""","=""""","=""007001.000376""","="""""
"=""2s.2p3.(5S*).13p""","=""4P""","=""3/2""",4,"=""""","=""20.2464""","=""""","=""""","=""007001.000377""","="""""
"=""2s.2p3.(5S*).13p""","=""4P""","=""5/2""",6,"=""""","=""20.2464""","=""""","=""""","=""007001.000378""","="""""
"=""2s.2p3.(5S*).14p""","=""4P""","=""1/2""",2,"=""""","=""20.2589""","=""""","=""""","=""007001.000379""","="""""
"=""2s.2p3.(5S*).14p""","=""4P""","=""3/2""",4,"=""""","=""20.2589""","=""""","=""""","=""007001.000380""","="""""
"=""2s.2p3.(5S*).14p""","=""4P""","=""5/2""",6,"=""""","=""20.2589""","=""""","=""""","=""007001.000381""","="""""
