id_nivel,codigo_referencia
001001.001.000002,L15291
001001.001.000004,L15291
001001.001.000003,L15291
001001.001.000059,L15291
001001.001.000005,L15291
001001.001.000008,L15291
001001.001.000006,L15291
001001.001.000060,L15291
001001.001.000007,L15291
001001.001.000009,L15291
001001.001.000010,L15291
001001.001.000013,L15291
001001.001.000011,L15291
001001.001.000012,L15291
001001.001.000015,L15291
001001.001.000061,L15291
001001.001.000014,L15291
001001.001.000016,L15291
001001.001.000017,L15291
001001.001.000020,L15291
001001.001.000018,L15291
001001.001.000019,L15291
001001.001.000021,L15291
001001.001.000062,L15291
001001.001.000098,L15291
001001.001.000022,L15291
001001.001.000099,L15291
001001.001.000100,L15291
001001.001.000023,L15291
001001.001.000026,L15291
001001.001.000024,L15291
001001.001.000025,L15291
001001.001.000027,L15291
001001.001.000101,L15291
001001.001.000102,L15291
001001.001.000063,L15291
001001.001.000103,L15291
001001.001.000104,L15291
001001.001.000105,L15291
001001.001.000106,L15291
001001.001.000028,L15291
001001.001.000031,L15291
001001.001.000029,L15291
001001.001.000030,L15291
001001.001.000032,L15291
001001.001.000064,L15291
001001.001.000033,L15291
001001.001.000036,L15291
001001.001.000034,L15291
001001.001.000035,L15291
001001.001.000037,L15291
001001.001.000065,L15291
001001.001.000038,L15291
001001.001.000041,L15291
001001.001.000039,L15291
001001.001.000040,L15291
001001.001.000042,L15291
001001.001.000066,L15291
001001.001.000043,L15291
001001.001.000046,L15291
001001.001.000044,L15291
001001.001.000045,L15291
001001.001.000047,L15291
001001.001.000067,L15291
001001.001.000048,L15291
001001.001.000051,L15291
001001.001.000049,L15291
001001.001.000050,L15291
001001.001.000052,L15291
001001.001.000068,L15291
001001.001.000053,L15291
001001.001.000056,L15291
001001.001.000054,L15291
001001.001.000055,L15291
001001.001.000057,L15291
001001.001.000069,L15291
001001.001.000070,L15291
001001.001.000071,L15291
001001.001.000072,L15291
001001.001.000073,L15291
001001.001.000074,L15291
001001.001.000075,L15291
001001.001.000076,L15291
001001.001.000077,L15291
001001.001.000078,L15291
001001.001.000079,L15291
001001.001.000080,L15291
001001.001.000081,L15291
001001.001.000082,L15291
001001.001.000083,L15291
001001.001.000084,L15291
001001.001.000085,L15291
001001.001.000086,L15291
001001.001.000087,L15291
001001.001.000088,L15291
001001.001.000089,L15291
001001.001.000090,L15291
001001.001.000091,L15291
001001.001.000092,L15291
001001.001.000093,L15291
001001.001.000094,L15291
001001.001.000095,L15291
001001.001.000096,L15291
001001.001.000097,L15291
001001.001.Lim001,HDEL
002001.000001,L22715
002001.000002,L22715c200
002001.000002,L20736
002001.000003,L22715c200
002001.000003,L20736
002001.000004,L22715c200
002001.000004,L20736
002001.000005,L22715c200
002001.000005,L20736
002001.000006,L22715c200
002001.000006,L20736
002001.000007,L22715c200
002001.000007,L20736
002001.000008,L22715c200
002001.000009,L22715c200
002001.000010,L22715c200
002001.000011,L22715c200
002001.000012,L22715c200
002001.000013,L22715c200
002001.000013,L21466
002001.000014,L22715c200
002001.000014,L21466
002001.000015,L22715c200
002001.000015,L21466
002001.000016,L22715c200
002001.000016,L21466
002001.000017,L22715c200
002001.000018,L22715c200
002001.000019,L22715c200
002001.000020,L22715c200
002001.000021,L22715c200
002001.000022,L22715c200
002001.000023,L22715c200
002001.000023,L21466
002001.000024,L22715c200
002001.000024,L21466
002001.000025,L22715c200
002001.000025,L21466
002001.000026,L22715c200
002001.000026,L21466
002001.000027,L22715c200
002001.000028,L22715c200
002001.000029,L22715c200
002001.000030,L22715c200
002001.000031,L22715c200
002001.000032,L22715c200
002001.000033,L22715c200
002001.000034,L22715c200
002001.000035,L22715c200
002001.000036,L22715c200
002001.000037,L22715c200
002001.000037,L21466
002001.000038,L22715c200
002001.000038,L21466
002001.000039,L22715c200
002001.000039,L21466
002001.000040,L22715c200
002001.000040,L21466
002001.000041,L22715c200
002001.000042,L22715c200
002001.000043,L22715c200
002001.000044,L22715c200
002001.000045,L22715c200
002001.000046,L22715c200
002001.000047,L22715c200
002001.000048,L22715c200
002001.000049,L22715c200
002001.000050,L22715c200
002001.000051,L22715c200
002001.000052,L22715c200
002001.000053,L22715c200
002001.000054,L22715c200
002001.000055,L22715c200
002001.000055,L21466
002001.000056,L22715c200
002001.000056,L21466
002001.000057,L22715c200
002001.000057,L21466
002001.000058,L22715c200
002001.000058,L21466
002001.000059,L22715c200
002001.000060,L22715c200
002001.000061,L22715c200
002001.000062,L22715c200
002001.000063,L22715c200
002001.000064,L22715c200
002001.000065,L22715c200
002001.000066,L22715c200
002001.000067,L22715c200
002001.000068,L22715c200
002001.000069,L22715c200
002001.000070,L22715c200
002001.000071,L22715c200
002001.000072,L22715c200
002001.000073,L22715c200
002001.000074,L22715c200
002001.000075,L22715c200
002001.000076,L22715c200
002001.000077,L22715c200
002001.000077,L21466
002001.000078,L22715c200
002001.000078,L21466
002001.000079,L22715c200
002001.000079,L21466
002001.000080,L22715c200
002001.000080,L21466
002001.000081,L22715c200
002001.000082,L22715c200
002001.000083,L22715c200
002001.000084,L22715c200
002001.000085,L22715c200
002001.000086,L22715c200
002001.000087,L22715c200
002001.000088,L22715c200
002001.000089,L22715c200
002001.000090,L22715c200
002001.000091,L22715c200
002001.000092,L22715c200
002001.000093,L22715c200
002001.000094,L22715c200
002001.000095,L22715c200
002001.000096,L22715c200
002001.000097,L22715c200
002001.000098,L22715c200
002001.000099,L22715c200
002001.000100,L22715c200
002001.000101,L22715c200
002001.000102,L22715c200
002001.000103,L22715c200
002001.000103,L21466
002001.000104,L22715c200
002001.000104,L21466
002001.000105,L22715c200
002001.000105,L21466
002001.000106,L22715c200
002001.000106,L21466
002001.000107,L22715c200
002001.000108,L22715c200
002001.000109,L22715c200
002001.000110,L22715c200
002001.000111,L22715c200
002001.000112,L22715c200
002001.000113,L22715c200
002001.000114,L22715c200
002001.000115,L22715c200
002001.000116,L22715c200
002001.000117,L22715c200
002001.000118,L22715c200
002001.000119,L22715c200
002001.000120,L22715c200
002001.000121,L22715c200
002001.000122,L22715c200
002001.000123,L22715c200
002001.000124,L22715c200
002001.000125,L22715c200
002001.000126,L22715c200
002001.000127,L22715c200
002001.000128,L22715c200
002001.000129,L22715c200
002001.000130,L22715c200
002001.000131,L22715c200
002001.000132,L22715c200
002001.000133,L22715c200
002001.000133,L21466
002001.000134,L22715c200
002001.000134,L21466
002001.000135,L22715c200
002001.000135,L21466
002001.000136,L22715c200
002001.000136,L21466
002001.000137,L22715c200
002001.000138,L22715c200
002001.000139,L22715c200
002001.000140,L22715c200
002001.000141,L22715c200
002001.000142,L22715c200
002001.000143,L22715c200
002001.000144,L22715c200
002001.000145,L22715c200
002001.000146,L22715c200
002001.000147,L22715c200
002001.000148,L22715c200
002001.000149,L22715c200
002001.000150,L22715c200
002001.000151,L22715c200
002001.000152,L22715c200
002001.000153,L22715c200
002001.000154,L22715c200
002001.000155,L22715c200
002001.000156,L22715c200
002001.000157,L22715c200
002001.000158,L22715c200
002001.000159,L22715c200
002001.000160,L22715c200
002001.000161,L22715c200
002001.000162,L22715c200
002001.000163,L22715c200
002001.000163,L21466
002001.000164,L22715c200
002001.000164,L21466
002001.000165,L22715c200
002001.000165,L21466
002001.000166,L22715c200
002001.000166,L21466
002001.000167,L22715c200
002001.000168,L22715c200
002001.000169,L22715c200
002001.000170,L22715c200
002001.000171,L22715c200
002001.000172,L22715c200
002001.000173,L22715c200
002001.000174,L22715c200
002001.000175,L22715c200
002001.000176,L22715c200
002001.000177,L22715c200
002001.000178,L22715c200
002001.000179,L22715c200
002001.000180,L22715c200
002001.000181,L22715c200
002001.000182,L22715c200
002001.000183,L22715c200
002001.000184,L22715c200
002001.000185,L22715c200
002001.000186,L22715c200
002001.000187,L22715c200
002001.000224,L22715c201
002001.000199,L22715c201
002001.000319,L22715c201
002001.000294,L22715c201
002001.000269,L22715c201
002001.000419,L22715c201
002001.000394,L22715c201
002001.000369,L22715c201
002001.000344,L22715c201
002001.000494,L22715c201
002001.000519,L22715c201
002001.000469,L22715c201
002001.000444,L22715c201
002001.000594,L22715c201
002001.000619,L22715c201
002001.000569,L22715c201
002001.000544,L22715c201
002001.000694,L22715c201
002001.000719,L22715c201
002001.000669,L22715c201
002001.000644,L22715c201
002001.000794,L22715c201
002001.000819,L22715c201
002001.000769,L22715c201
002001.000744,L22715c201
002001.000190,L22715c201
002001.000225,L22715c201
002001.000200,L22715c201
002001.000320,L22715c201
002001.000295,L22715c201
002001.000270,L22715c201
002001.000420,L22715c201
002001.000395,L22715c201
002001.000370,L22715c201
002001.000345,L22715c201
002001.000495,L22715c201
002001.000520,L22715c201
002001.000470,L22715c201
002001.000445,L22715c201
002001.000595,L22715c201
002001.000620,L22715c201
002001.000570,L22715c201
002001.000545,L22715c201
002001.000695,L22715c201
002001.000720,L22715c201
002001.000670,L22715c201
002001.000645,L22715c201
002001.000795,L22715c201
002001.000820,L22715c201
002001.000770,L22715c201
002001.000745,L22715c201
002001.000191,L22715c201
002001.000226,L22715c201
002001.000201,L22715c201
002001.000321,L22715c201
002001.000296,L22715c201
002001.000271,L22715c201
002001.000421,L22715c201
002001.000396,L22715c201
002001.000371,L22715c201
002001.000346,L22715c201
002001.000496,L22715c201
002001.000521,L22715c201
002001.000471,L22715c201
002001.000446,L22715c201
002001.000596,L22715c201
002001.000621,L22715c201
002001.000571,L22715c201
002001.000546,L22715c201
002001.000696,L22715c201
002001.000721,L22715c201
002001.000671,L22715c201
002001.000646,L22715c201
002001.000796,L22715c201
002001.000821,L22715c201
002001.000771,L22715c201
002001.000746,L22715c201
002001.000192,L22715c201
002001.000227,L22715c201
002001.000202,L22715c201
002001.000322,L22715c201
002001.000297,L22715c201
002001.000272,L22715c201
002001.000422,L22715c201
002001.000397,L22715c201
002001.000372,L22715c201
002001.000347,L22715c201
002001.000497,L22715c201
002001.000522,L22715c201
002001.000472,L22715c201
002001.000447,L22715c201
002001.000597,L22715c201
002001.000622,L22715c201
002001.000572,L22715c201
002001.000547,L22715c201
002001.000697,L22715c201
002001.000722,L22715c201
002001.000672,L22715c201
002001.000647,L22715c201
002001.000797,L22715c201
002001.000822,L22715c201
002001.000772,L22715c201
002001.000747,L22715c201
002001.000193,L22715c201
002001.000228,L22715c201
002001.000203,L22715c201
002001.000323,L22715c201
002001.000298,L22715c201
002001.000273,L22715c201
002001.000423,L22715c201
002001.000398,L22715c201
002001.000373,L22715c201
002001.000348,L22715c201
002001.000498,L22715c201
002001.000523,L22715c201
002001.000473,L22715c201
002001.000448,L22715c201
002001.000598,L22715c201
002001.000623,L22715c201
002001.000573,L22715c201
002001.000548,L22715c201
002001.000698,L22715c201
002001.000723,L22715c201
002001.000673,L22715c201
002001.000648,L22715c201
002001.000798,L22715c201
002001.000823,L22715c201
002001.000773,L22715c201
002001.000748,L22715c201
002001.000194,L22715c201
002001.000229,L22715c201
002001.000204,L22715c201
002001.000324,L22715c201
002001.000299,L22715c201
002001.000274,L22715c201
002001.000424,L22715c201
002001.000399,L22715c201
002001.000374,L22715c201
002001.000349,L22715c201
002001.000499,L22715c201
002001.000524,L22715c201
002001.000474,L22715c201
002001.000449,L22715c201
002001.000599,L22715c201
002001.000624,L22715c201
002001.000574,L22715c201
002001.000549,L22715c201
002001.000699,L22715c201
002001.000724,L22715c201
002001.000674,L22715c201
002001.000649,L22715c201
002001.000799,L22715c201
002001.000824,L22715c201
002001.000774,L22715c201
002001.000749,L22715c201
002001.000249,L22715c201
002001.000230,L22715c201
002001.000205,L22715c201
002001.000325,L22715c201
002001.000300,L22715c201
002001.000275,L22715c201
002001.000425,L22715c201
002001.000400,L22715c201
002001.000375,L22715c201
002001.000350,L22715c201
002001.000500,L22715c201
002001.000525,L22715c201
002001.000475,L22715c201
002001.000450,L22715c201
002001.000600,L22715c201
002001.000625,L22715c201
002001.000575,L22715c201
002001.000550,L22715c201
002001.000700,L22715c201
002001.000725,L22715c201
002001.000675,L22715c201
002001.000650,L22715c201
002001.000800,L22715c201
002001.000825,L22715c201
002001.000775,L22715c201
002001.000750,L22715c201
002001.000250,L22715c201
002001.000231,L22715c201
002001.000206,L22715c201
002001.000326,L22715c201
002001.000301,L22715c201
002001.000276,L22715c201
002001.000426,L22715c201
002001.000401,L22715c201
002001.000376,L22715c201
002001.000351,L22715c201
002001.000501,L22715c201
002001.000526,L22715c201
002001.000476,L22715c201
002001.000451,L22715c201
002001.000601,L22715c201
002001.000626,L22715c201
002001.000576,L22715c201
002001.000551,L22715c201
002001.000701,L22715c201
002001.000726,L22715c201
002001.000676,L22715c201
002001.000651,L22715c201
002001.000801,L22715c201
002001.000826,L22715c201
002001.000776,L22715c201
002001.000751,L22715c201
002001.000251,L22715c201
002001.000232,L22715c201
002001.000207,L22715c201
002001.000327,L22715c201
002001.000302,L22715c201
002001.000277,L22715c201
002001.000427,L22715c201
002001.000402,L22715c201
002001.000377,L22715c201
002001.000352,L22715c201
002001.000502,L22715c201
002001.000527,L22715c201
002001.000477,L22715c201
002001.000452,L22715c201
002001.000602,L22715c201
002001.000627,L22715c201
002001.000577,L22715c201
002001.000552,L22715c201
002001.000702,L22715c201
002001.000727,L22715c201
002001.000677,L22715c201
002001.000652,L22715c201
002001.000802,L22715c201
002001.000827,L22715c201
002001.000777,L22715c201
002001.000752,L22715c201
002001.000252,L22715c201
002001.000233,L22715c201
002001.000208,L22715c201
002001.000328,L22715c201
002001.000303,L22715c201
002001.000278,L22715c201
002001.000428,L22715c201
002001.000403,L22715c201
002001.000378,L22715c201
002001.000353,L22715c201
002001.000503,L22715c201
002001.000528,L22715c201
002001.000478,L22715c201
002001.000453,L22715c201
002001.000603,L22715c201
002001.000628,L22715c201
002001.000578,L22715c201
002001.000553,L22715c201
002001.000703,L22715c201
002001.000728,L22715c201
002001.000678,L22715c201
002001.000653,L22715c201
002001.000803,L22715c201
002001.000828,L22715c201
002001.000778,L22715c201
002001.000753,L22715c201
002001.000253,L22715c201
002001.000234,L22715c201
002001.000209,L22715c201
002001.000329,L22715c201
002001.000304,L22715c201
002001.000279,L22715c201
002001.000429,L22715c201
002001.000404,L22715c201
002001.000379,L22715c201
002001.000354,L22715c201
002001.000504,L22715c201
002001.000529,L22715c201
002001.000479,L22715c201
002001.000454,L22715c201
002001.000604,L22715c201
002001.000629,L22715c201
002001.000579,L22715c201
002001.000554,L22715c201
002001.000704,L22715c201
002001.000729,L22715c201
002001.000679,L22715c201
002001.000654,L22715c201
002001.000804,L22715c201
002001.000829,L22715c201
002001.000779,L22715c201
002001.000754,L22715c201
002001.000254,L22715c201
002001.000235,L22715c201
002001.000210,L22715c201
002001.000330,L22715c201
002001.000305,L22715c201
002001.000280,L22715c201
002001.000430,L22715c201
002001.000405,L22715c201
002001.000380,L22715c201
002001.000355,L22715c201
002001.000505,L22715c201
002001.000530,L22715c201
002001.000480,L22715c201
002001.000455,L22715c201
002001.000605,L22715c201
002001.000630,L22715c201
002001.000580,L22715c201
002001.000555,L22715c201
002001.000705,L22715c201
002001.000730,L22715c201
002001.000680,L22715c201
002001.000655,L22715c201
002001.000805,L22715c201
002001.000830,L22715c201
002001.000780,L22715c201
002001.000755,L22715c201
002001.000255,L22715c201
002001.000236,L22715c201
002001.000211,L22715c201
002001.000331,L22715c201
002001.000306,L22715c201
002001.000281,L22715c201
002001.000431,L22715c201
002001.000406,L22715c201
002001.000381,L22715c201
002001.000356,L22715c201
002001.000506,L22715c201
002001.000531,L22715c201
002001.000481,L22715c201
002001.000456,L22715c201
002001.000606,L22715c201
002001.000631,L22715c201
002001.000581,L22715c201
002001.000556,L22715c201
002001.000706,L22715c201
002001.000731,L22715c201
002001.000681,L22715c201
002001.000656,L22715c201
002001.000806,L22715c201
002001.000831,L22715c201
002001.000781,L22715c201
002001.000756,L22715c201
002001.000256,L22715c201
002001.000237,L22715c201
002001.000212,L22715c201
002001.000332,L22715c201
002001.000307,L22715c201
002001.000282,L22715c201
002001.000432,L22715c201
002001.000407,L22715c201
002001.000382,L22715c201
002001.000357,L22715c201
002001.000507,L22715c201
002001.000532,L22715c201
002001.000482,L22715c201
002001.000457,L22715c201
002001.000607,L22715c201
002001.000632,L22715c201
002001.000582,L22715c201
002001.000557,L22715c201
002001.000707,L22715c201
002001.000732,L22715c201
002001.000682,L22715c201
002001.000657,L22715c201
002001.000807,L22715c201
002001.000832,L22715c201
002001.000782,L22715c201
002001.000757,L22715c201
002001.000257,L22715c201
002001.000238,L22715c201
002001.000213,L22715c201
002001.000333,L22715c201
002001.000308,L22715c201
002001.000283,L22715c201
002001.000433,L22715c201
002001.000408,L22715c201
002001.000383,L22715c201
002001.000358,L22715c201
002001.000508,L22715c201
002001.000533,L22715c201
002001.000483,L22715c201
002001.000458,L22715c201
002001.000608,L22715c201
002001.000633,L22715c201
002001.000583,L22715c201
002001.000558,L22715c201
002001.000708,L22715c201
002001.000733,L22715c201
002001.000683,L22715c201
002001.000658,L22715c201
002001.000808,L22715c201
002001.000833,L22715c201
002001.000783,L22715c201
002001.000758,L22715c201
002001.000258,L22715c201
002001.000239,L22715c201
002001.000214,L22715c201
002001.000334,L22715c201
002001.000309,L22715c201
002001.000284,L22715c201
002001.000434,L22715c201
002001.000409,L22715c201
002001.000384,L22715c201
002001.000359,L22715c201
002001.000509,L22715c201
002001.000534,L22715c201
002001.000484,L22715c201
002001.000459,L22715c201
002001.000609,L22715c201
002001.000634,L22715c201
002001.000584,L22715c201
002001.000559,L22715c201
002001.000709,L22715c201
002001.000734,L22715c201
002001.000684,L22715c201
002001.000659,L22715c201
002001.000809,L22715c201
002001.000834,L22715c201
002001.000784,L22715c201
002001.000759,L22715c201
002001.000259,L22715c201
002001.000240,L22715c201
002001.000215,L22715c201
002001.000335,L22715c201
002001.000310,L22715c201
002001.000285,L22715c201
002001.000435,L22715c201
002001.000410,L22715c201
002001.000385,L22715c201
002001.000360,L22715c201
002001.000510,L22715c201
002001.000535,L22715c201
002001.000485,L22715c201
002001.000460,L22715c201
002001.000610,L22715c201
002001.000635,L22715c201
002001.000585,L22715c201
002001.000560,L22715c201
002001.000710,L22715c201
002001.000735,L22715c201
002001.000685,L22715c201
002001.000660,L22715c201
002001.000810,L22715c201
002001.000835,L22715c201
002001.000785,L22715c201
002001.000760,L22715c201
002001.000260,L22715c201
002001.000241,L22715c201
002001.000216,L22715c201
002001.000336,L22715c201
002001.000311,L22715c201
002001.000286,L22715c201
002001.000436,L22715c201
002001.000411,L22715c201
002001.000386,L22715c201
002001.000361,L22715c201
002001.000511,L22715c201
002001.000536,L22715c201
002001.000486,L22715c201
002001.000461,L22715c201
002001.000611,L22715c201
002001.000636,L22715c201
002001.000586,L22715c201
002001.000561,L22715c201
002001.000711,L22715c201
002001.000736,L22715c201
002001.000686,L22715c201
002001.000661,L22715c201
002001.000811,L22715c201
002001.000836,L22715c201
002001.000786,L22715c201
002001.000761,L22715c201
002001.000261,L22715c201
002001.000242,L22715c201
002001.000217,L22715c201
002001.000337,L22715c201
002001.000312,L22715c201
002001.000287,L22715c201
002001.000437,L22715c201
002001.000412,L22715c201
002001.000387,L22715c201
002001.000362,L22715c201
002001.000512,L22715c201
002001.000537,L22715c201
002001.000487,L22715c201
002001.000462,L22715c201
002001.000612,L22715c201
002001.000637,L22715c201
002001.000587,L22715c201
002001.000562,L22715c201
002001.000712,L22715c201
002001.000737,L22715c201
002001.000687,L22715c201
002001.000662,L22715c201
002001.000812,L22715c201
002001.000837,L22715c201
002001.000787,L22715c201
002001.000762,L22715c201
002001.000262,L22715c201
002001.000243,L22715c201
002001.000218,L22715c201
002001.000338,L22715c201
002001.000313,L22715c201
002001.000288,L22715c201
002001.000438,L22715c201
002001.000413,L22715c201
002001.000388,L22715c201
002001.000363,L22715c201
002001.000513,L22715c201
002001.000538,L22715c201
002001.000488,L22715c201
002001.000463,L22715c201
002001.000613,L22715c201
002001.000638,L22715c201
002001.000588,L22715c201
002001.000563,L22715c201
002001.000713,L22715c201
002001.000738,L22715c201
002001.000688,L22715c201
002001.000663,L22715c201
002001.000813,L22715c201
002001.000838,L22715c201
002001.000788,L22715c201
002001.000763,L22715c201
002001.000263,L22715c201
002001.000244,L22715c201
002001.000219,L22715c201
002001.000339,L22715c201
002001.000314,L22715c201
002001.000289,L22715c201
002001.000439,L22715c201
002001.000414,L22715c201
002001.000389,L22715c201
002001.000364,L22715c201
002001.000514,L22715c201
002001.000539,L22715c201
002001.000489,L22715c201
002001.000464,L22715c201
002001.000614,L22715c201
002001.000639,L22715c201
002001.000589,L22715c201
002001.000564,L22715c201
002001.000714,L22715c201
002001.000739,L22715c201
002001.000689,L22715c201
002001.000664,L22715c201
002001.000814,L22715c201
002001.000839,L22715c201
002001.000789,L22715c201
002001.000764,L22715c201
002001.000264,L22715c201
002001.000245,L22715c201
002001.000220,L22715c201
002001.000340,L22715c201
002001.000315,L22715c201
002001.000290,L22715c201
002001.000440,L22715c201
002001.000415,L22715c201
002001.000390,L22715c201
002001.000365,L22715c201
002001.000515,L22715c201
002001.000540,L22715c201
002001.000490,L22715c201
002001.000465,L22715c201
002001.000615,L22715c201
002001.000640,L22715c201
002001.000590,L22715c201
002001.000565,L22715c201
002001.000715,L22715c201
002001.000740,L22715c201
002001.000690,L22715c201
002001.000665,L22715c201
002001.000815,L22715c201
002001.000840,L22715c201
002001.000790,L22715c201
002001.000765,L22715c201
002001.000265,L22715c201
002001.000246,L22715c201
002001.000221,L22715c201
002001.000341,L22715c201
002001.000316,L22715c201
002001.000291,L22715c201
002001.000441,L22715c201
002001.000416,L22715c201
002001.000391,L22715c201
002001.000366,L22715c201
002001.000516,L22715c201
002001.000541,L22715c201
002001.000491,L22715c201
002001.000466,L22715c201
002001.000616,L22715c201
002001.000641,L22715c201
002001.000591,L22715c201
002001.000566,L22715c201
002001.000716,L22715c201
002001.000741,L22715c201
002001.000691,L22715c201
002001.000666,L22715c201
002001.000816,L22715c201
002001.000841,L22715c201
002001.000791,L22715c201
002001.000766,L22715c201
002001.000266,L22715c201
002001.000247,L22715c201
002001.000222,L22715c201
002001.000342,L22715c201
002001.000317,L22715c201
002001.000292,L22715c201
002001.000442,L22715c201
002001.000417,L22715c201
002001.000392,L22715c201
002001.000367,L22715c201
002001.000517,L22715c201
002001.000542,L22715c201
002001.000492,L22715c201
002001.000467,L22715c201
002001.000617,L22715c201
002001.000642,L22715c201
002001.000592,L22715c201
002001.000567,L22715c201
002001.000717,L22715c201
002001.000742,L22715c201
002001.000692,L22715c201
002001.000667,L22715c201
002001.000817,L22715c201
002001.000842,L22715c201
002001.000792,L22715c201
002001.000767,L22715c201
002001.000267,L22715c201
002001.000248,L22715c201
002001.000223,L22715c201
002001.000343,L22715c201
002001.000318,L22715c201
002001.000293,L22715c201
002001.000443,L22715c201
002001.000418,L22715c201
002001.000393,L22715c201
002001.000368,L22715c201
002001.000518,L22715c201
002001.000543,L22715c201
002001.000493,L22715c201
002001.000468,L22715c201
002001.000618,L22715c201
002001.000643,L22715c201
002001.000593,L22715c201
002001.000568,L22715c201
002001.000718,L22715c201
002001.000743,L22715c201
002001.000693,L22715c201
002001.000668,L22715c201
002001.000818,L22715c201
002001.000843,L22715c201
002001.000793,L22715c201
002001.000768,L22715c201
002001.000268,L22715c201
002001.Lim001,L17714
002001.000195,L1368
002001.000189,L1341
002001.000196,L1368
002001.000197,L1368
002001.000198,L1368
003001.000001,L3462
003001.Lim001,L12261
003002.000001,L3501
003002.000002,L3501c202
003002.000003,L4834c203
003002.000004,L3501c202
003002.000005,L3501c202
003002.000006,L3501c202
003002.000007,L3501c202
003002.000008,L3501c202
003002.000009,L3501c202
003002.000010,L3501c202
003002.000011,L3501c202
003002.000012,L3501c202
003002.000013,L3501c202
003002.000014,L3501c202
003002.000015,L3501c202
003002.000016,L3501c202
003002.000017,L3501c202
003002.000018,L3501c202
003002.000019,L3501c202
003002.000020,L3501c202
003002.000021,L3501c202
003002.000022,L3501c202
003002.000023,L3501c202
003002.000024,L3501c202
003002.000025,L3501c202
003002.000026,L3501c202
003002.000027,L3501c202
003002.000028,L3501c202
003002.000029,L3501c202
003002.000030,L3501c202
003002.000031,L6124c204
003002.000032,L3501c202
003002.000033,L3501c202
003002.000034,L3501c202
003002.000035,L3501c202
003002.000036,L3501c202
003002.000037,L3501c202
003002.000038,L3501c202
003002.000039,L3501c202
003002.000040,L3501c202
003002.000041,L3501c202
003002.000042,L3501c202
003002.000043,L3501c202
003002.000044,L3501c202
003002.000138,u46
003002.000139,u46
003002.000140,u46
003002.000141,u46
003002.000045,L6124c204
003002.000046,L3501c202
003002.000047,L3501c202
003002.000048,L3501c202
003002.000049,L3501c202
003002.000050,L3501c202
003002.000052,L3501c202
003002.000053,L3501c202
003002.000054,L3501c202
003002.000055,L3501c202
003002.000056,L3501c202
003002.000057,L3501c202
003002.000058,L3501c202
003002.000059,L3501c202
003002.000142,u46
003002.000143,u46
003002.000144,u46
003002.000145,u46
003002.000158,u46
003002.000159,u46
003002.000160,u46
003002.000161,u46
003002.000051,L6124c204
003002.000060,L3501c202
003002.000061,L3501c202
003002.000110,u45
003002.000111,u45
003002.000112,u45
003002.000063,L3501c202
003002.000064,L3501c202
003002.000065,L3501c202
003002.000066,L3501c202
003002.000067,L3501c202
003002.000068,L3501c202
003002.000069,L3501c202
003002.000070,L3501c202
003002.000146,u46
003002.000147,u46
003002.000148,u46
003002.000149,u46
003002.000162,u46
003002.000163,u46
003002.000164,u46
003002.000165,u46
003002.000174,u46
003002.000175,u46
003002.000176,u46
003002.000177,u46
003002.000062,L6124c205
003002.000062,L4191
003002.000071,L3501c202
003002.000113,u45
003002.000114,u45
003002.000115,u45
003002.000116,u45
003002.000072,L3501c202
003002.000073,L3501c202
003002.000074,L3501c202
003002.000075,L3501c202
003002.000076,L3501c202
003002.000077,L3501c202
003002.000078,L3501c202
003002.000079,L3501c202
003002.000150,u46
003002.000151,u46
003002.000152,u46
003002.000153,u46
003002.000166,u46
003002.000167,u46
003002.000168,u46
003002.000169,u46
003002.000178,u46
003002.000179,u46
003002.000180,u46
003002.000181,u46
003002.000117,u45
003002.000118,u45
003002.000119,u45
003002.000120,u45
003002.000121,u45
003002.000122,u45
003002.000131,u45
003002.000132,u45
003002.000133,u45
003002.000130,u45
003002.000080,L3501c202
003002.000081,L3501c202
003002.000082,L3501c202
003002.000154,u46
003002.000155,u46
003002.000156,u46
003002.000157,u46
003002.000170,u46
003002.000171,u46
003002.000172,u46
003002.000173,u46
003002.000083,L3501c202
003002.000123,u45
003002.000124,u45
003002.000125,u45
003002.000126,u45
003002.000127,u45
003002.000128,u45
003002.000135,u45
003002.000136,u45
003002.000137,u45
003002.000134,u45
003002.000084,L3501c202
003002.000085,L3501c202
003002.000086,L3501c202
003002.000087,L3501c202
003002.000129,u45
003002.000182,u45
003002.000183,u45
003002.000184,u45
003002.000185,u45
003002.Lim001,L10054
003002.000089,L3160
003002.000090,L3160
003002.000091,L3160
003002.000093,L4046
003002.000094,L3160
003002.000095,L3160
003002.000096,L3160
003002.000097,L3160
003002.000098,L3160
003002.000099,L3160
003002.000100,L3160
003002.000101,L3160
003002.000102,L3160
003002.000107,L4046
003002.000109,L4046
004001.000001,L9172
004001.000002,L9172
004001.000003,L9172
004001.000004,L9172
004001.000005,L20591
004001.000006,L9172
004001.000007,L9172
004001.000008,L9172
004001.000009,L9172
004001.000010,L9172
004001.000011,L9172
004001.000012,L9172
004001.000013,L9172
004001.000014,L9172
004001.000015,L9172
004001.000016,L9172
004001.000017,L9172
004001.000018,L9172
004001.000019,L21345
004001.000020,L9172
004001.000021,L9172
004001.000022,L9172
004001.000023,L9172
004001.000024,L9172
004001.000025,L9172
004001.000026,L9172
004001.000027,L9172
004001.000028,L9172
004001.000031,L9172
004001.000029,L9172
004001.000030,L9172
004001.000032,L9172
004001.000033,L9172
004001.000034,L9172
004001.000035,L9172
004001.000036,L9172
004001.000037,L9172
004001.000038,L9172
004001.000039,L9172
004001.000042,L9172
004001.000040,L9172
004001.000041,L9172
004001.000045,L9172
004001.000043,L9172
004001.000044,L9172
004001.000046,L9172
004001.000047,L9172
004001.000048,L9172
004001.000049,L9172
004001.000050,L9172
004001.000051,L9172
004001.000052,L9172
004001.000053,L9172
004001.000054,L9172
004001.000055,L9172
004001.000056,L9172
004001.000057,L9172
004001.000058,L9172
004001.000059,L9172
004001.000060,L9172
004001.000061,L9172
004001.000062,L9172
004001.000063,L9172
004001.000064,L9172
004001.000065,L9172
004001.000066,L9172
004001.000067,L9172
004001.000070,L9172
004001.000069,L9172
004001.000068,L9172
004001.000073,L9172
004001.000071,L9172
004001.000072,L9172
004001.000074,L9172
004001.000075,L9172
004001.000076,L9172
004001.000077,L9172
004001.000080,L9172
004001.000079,L9172
004001.000078,L9172
004001.000081,L9172
004001.000084,L9172
004001.000083,L9172
004001.000082,L9172
004001.000085,L9172
004001.000086,L9172
004001.000087,L9172
004001.000088,L9172
004001.000089,L9172
004001.000090,L9172
004001.000091,L9172
004001.000092,L9172
004001.000093,L9172
004001.000094,L9172
004001.000095,L9172
004001.000096,L9172
004001.000097,L9172
004001.000098,L9172
004001.000099,L9172
004001.000100,L9172
004001.000101,L9172
004001.000102,L9172
004001.000103,L9172
004001.000104,L9172
004001.000105,L9172
004001.000106,L9172
004001.000107,L9172
004001.000108,L9172
004001.000109,L9172
004001.Lim001,L5964
004001.000111,L9172
004001.000112,L9172
004001.000113,L9172
004001.000114,L9172
004001.000115,L9172
004001.000116,L9172
004001.000117,L9172
004001.000118,L9172
004001.000119,L9172
004001.000120,L9172
004001.000121,L9172
004001.000122,L9172
004001.000123,L9172
004001.000124,L9172
004001.000125,L9172
004001.000126,L9172
004001.000127,L9172
004001.000128,L9172
004001.000129,L9172
004001.000130,L9172
004001.000131,L9172
004001.000132,L9172
004001.000133,L9172
004001.000134,L9172
004001.000135,L9172
004001.000136,L9172
004001.000137,L9172
004001.000138,L9172
004001.000139,L9172
004001.000140,L9172
004001.000141,L9172
004001.000142,L9172
004001.000143,L9172
004001.000144,L9172
004001.000145,L9172
004001.000146,L9172
004001.000147,L9172
004001.000148,L9172
004001.000149,L9172
004001.000150,L9172
004001.000151,L9172
004001.000152,L9172
004001.000153,L9172
004001.000154,L9172
004001.000155,L9172
004001.000156,L9172
004001.000157,L9172
004001.000158,L9172
004001.000159,L9172
004001.000160,L9172
004001.000161,L9172
004001.000162,L9172
004001.000163,L9172
004001.000164,L9172
004001.000165,L9172
004001.000166,L9172
004001.Lim002,L9172
004001.Lim003,L9172
004001.000169,L9172
004001.000170,L9172
004001.000171,L9172
004001.000172,L9172
004001.000173,L9172
004001.000174,L9172
004001.Lim004,L9172
004001.000178,L9172
004001.000177,L9172
004001.000176,L9172
004001.000179,L9172
004001.000182,L9172
004001.000181,L9172
004001.000180,L9172
004001.000185,L9172
004001.000184,L9172
004001.000183,L9172
004001.000188,L9172
004001.000187,L9172
004001.000186,L9172
004001.000189,L9172
004001.000192,L9172
004001.000191,L9172
004001.000190,L9172
004001.000193,L9172
004001.000194,L9172
004001.000195,L9172
004001.000196,L9172
004001.000197,L9172
004001.000200,L9172
004001.000199,L9172
004001.000198,L9172
004001.Lim005,L9172
004001.000204,L9172
004001.000203,L9172
004001.000202,L9172
004001.000205,L9172
004001.000206,L9172
004001.000207,L9172
004001.000208,L9172
004001.000209,L9172
004001.000210,L9172
004001.Lim006,L9172
004001.000212,L9172
004001.000213,L9172
004001.000214,L9172
004001.Lim007,L9172
004001.000216,L9172
004001.000217,L9172
004001.000218,L9172
004001.000219,L9172
004002.000001,L12158
004002.000002,L12158
004002.000003,L12158
004002.000004,L12158
004002.000005,L12158
004002.000006,L12158
004002.000007,L12158
004002.000008,L12158
004002.000009,L12158
004002.000010,L12158
004002.000011,L12158
004002.000012,L12158
004002.000013,L12158
004002.000014,L12158
004002.000015,L12158
004002.000016,L12158
004002.000017,L12158
004002.000018,L12158
004002.000019,L12158
004002.000020,L12158
004002.000021,L12158
004002.000022,L12158
004002.000024,L12158
004002.000023,L12158
004002.000025,L12158
004002.000026,L12158
004002.000027,L12158
004002.000029,L12158
004002.000028,L12158
004002.000030,L12158
004002.000031,L12158
004002.000033,L12158
004002.000032,L12158
004002.000035,L12158
004002.000034,L12158
004002.000036,L12158
004002.000037,L12158
004002.000038,L12158
004002.000040,L12158
004002.000039,L12158
004002.000042,L12158
004002.000041,L12158
004002.000044,L12158
004002.000043,L12158
004002.000046,L12158
004002.000045,L12158
004002.000047,L12158
004002.000048,L12158
004002.000049,L12158
004002.000051,L12158
004002.000050,L12158
004002.000053,L12158
004002.000052,L12158
004002.000055,L12158
004002.000054,L12158
004002.000057,L12158
004002.000056,L12158
004002.000058,L12158
004002.000059,L12158
004002.000060,L12158
004002.000062,L12158
004002.000061,L12158
004002.000064,L12158
004002.000063,L12158
004002.000066,L12158
004002.000065,L12158
004002.000068,L12158
004002.000067,L12158
004002.000069,L12158
004002.000070,L12158
004002.000071,L12158
004002.000073,L12158
004002.000072,L12158
004002.000075,L12158
004002.000074,L12158
004002.000077,L12158
004002.000076,L12158
004002.Lim001,L12158
004002.000079,L12158
004002.000082,L12158
004002.000081,L12158
004002.000080,L12158
004002.000084,L12158
004002.000083,L12158
004002.000086,L12158
004002.000085,L12158
004002.000089,L12158
004002.000088,L12158
004002.000087,L12158
004002.000091,L12158
004002.000090,L12158
004002.000093,L12158
004002.000092,L12158
004002.000094,L12158
004002.000095,L12158
004002.000096,L12158
004002.000098,L12158
004002.000099,L12158
004002.000097,L12158
004002.000100,L12158
004002.000101,L12158
004002.000105,L12158
004002.000104,L12158
004002.000103,L12158
004002.000102,L12158
004002.000107,L12158
004002.000106,L12158
004002.000108,L12158
004002.000109,L12158
004002.000111,L12158
004002.000110,L12158
004002.000113,L12158
004002.000112,L12158
004002.000114,L12158
004002.000115,L12158
004002.000116,L12158
004002.000120,L12158
004002.000117,L12158
004002.000118,L12158
004002.000119,L12158
004002.000121,L12158
004002.000122,L12158
004002.000125,L12158
004002.000124,L12158
004002.000123,L12158
004002.000128,L12158
004002.000129,L12158
004002.000127,L12158
004002.000126,L12158
004002.000131,L12158
004002.000130,L12158
004002.000132,L12158
004002.000133,L12158
004002.000134,L12158
004002.000135,L12158
004002.000136,L12158
004002.000137,L12158
004002.000138,L12158
004002.000139,L12158
004002.000140,L12158
004002.000141,L12158
004002.000142,L12158
004002.000143,L12158
004002.000144,L12158
004002.000145,L12158
004002.000146,L12158
004002.000147,L12158
004002.000148,L12158
004002.000149,L12158
004002.000150,L12158
004002.000151,L12158
004002.000152,L12158
004002.000153,L12158
004002.000154,L12158
004002.000155,L12158
004002.000156,L12158
004002.000157,L12158
004002.000158,L12158
004002.000159,L12158
004002.000163,L12158
004002.000161,L12158
004002.000162,L12158
004002.000160,L12158
004002.000167,L12158
004002.000166,L12158
004002.000165,L12158
004002.000164,L12158
004002.000169,L12158
004002.000168,L12158
004002.000171,L12158
004002.000170,L12158
004002.000173,L12158
004002.000172,L12158
004002.000175,L12158
004002.000174,L12158
004002.000178,L12158
004002.000177,L12158
004002.000176,L12158
004002.000179,L12158
004002.000180,L12158
004002.000181,L12158
004002.000182,L12158
004002.000184,L12158
004002.000183,L12158
004002.000185,L12158
004002.000188,L12158
004002.000186,L12158
004002.000187,L12158
004002.000190,L12158
004002.000189,L12158
004002.000193,L12158
004002.000194,L12158
004002.000192,L12158
004002.000191,L12158
004002.000195,L12158
004002.000196,L12158
004002.000200,L12158
004002.000199,L12158
004002.000198,L12158
004002.000197,L12158
004002.000204,L12158
004002.000202,L12158
004002.000203,L12158
004002.000201,L12158
004002.000207,L12158
004002.000208,L12158
004002.000209,L12158
004002.000206,L12158
004002.000211,L12158
004002.000210,L12158
004002.000215,L12158
004002.000214,L12158
004002.000212,L12158
004002.000213,L12158
004002.000217,L12158
004002.000216,L12158
004002.000221,L12158
004002.000220,L12158
004002.000219,L12158
004002.000218,L12158
004002.000223,L12158
004002.000224,L12158
004002.000225,L12158
004002.000222,L12158
004002.000226,L12158
004002.000227,L12158
004002.000232,L12158
004002.000231,L12158
004002.000234,L12158
004002.000233,L12158
004002.000236,L12158
004002.000235,L12158
004002.000238,L12158
004002.000239,L12158
004002.000237,L12158
004002.000240,L12158
004002.000241,L12158
004002.000242,L12158
004002.000243,L12158
004002.000245,L12158
004002.000244,L12158
004002.000247,L12158
004002.000246,L12158
004002.000248,L12158
004002.000249,L12158
004002.000251,L12158
004002.000250,L12158
004002.000254,L12158
004002.000252,L12158
004002.000253,L12158
004002.000255,L12158
004002.000256,L12158
004002.000257,L12158
004002.000258,L12158
005001.000001,L12312
005001.000002,L12312
005001.000003,L12312
005001.000004,L12312
005001.000005,L12312
005001.000006,L12312
005001.000007,L12312
005001.000008,L12312
005001.000009,L12312
005001.000010,L12312
005001.000011,L12312
005001.000012,L12312
005001.000013,L12312
005001.000014,L12312
005001.000015,L12312
005001.000016,L12312
005001.000121,L12312
005001.000017,L12312
005001.000018,L12312
005001.000019,L12312
005001.000020,L12312
005001.000021,L12312
005001.000022,L12312
005001.000120,L12312
005001.000023,L12312
005001.000125,L12312
005001.000024,L12312
005001.000025,L12312
005001.000026,L12312
005001.000119,L12312
005001.000027,L12312
005001.000124,L12312
005001.000028,L12312
005001.000029,L12312
005001.000030,L12312
005001.000118,L12312
005001.000031,L12312
005001.000123,L12312
005001.000032,L12312
005001.000033,L12312
005001.000034,L12312
005001.000117,L12312
005001.000035,L12312
005001.000122,L12312
005001.000036,L12312
005001.000037,L12312
005001.000038,L12312
005001.000039,L12312
005001.000040,L12312
005001.000041,L12312
005001.000042,L12312
005001.000043,L12312
005001.000044,L12312
005001.000045,L12312
005001.000046,L12312
005001.000047,L12312
005001.000048,L12312
005001.000049,L12312
005001.000050,L12312
005001.000051,L12312
005001.000052,L12312
005001.000053,L12312
005001.000054,L12312
005001.000055,L12312
005001.000056,L12312
005001.000057,L12312
005001.000058,L12312
005001.000059,L12312
005001.000060,L12312
005001.000061,L12312
005001.000062,L12312
005001.000063,L12312
005001.000064,L12312
005001.000065,L12312
005001.000066,L12312
005001.000067,L12312
005001.000068,L12312
005001.000069,L12312
005001.000070,L12312
005001.000071,L12312
005001.000072,L12312
005001.Lim001,L12312
005001.000074,L12312
005001.000075,L12312
005001.000076,L12312
005001.000077,L12312
005001.000078,L12312
005001.000079,L12312
005001.000080,L12312
005001.000081,L12312
005001.000082,L12312
005001.000083,L12312
005001.000084,L12312
005001.000085,L12312
005001.000086,L12312
005001.000087,L12312
005001.000088,L12312
005001.000089,L12312
005001.000090,L12312
005001.000091,L12312
005001.000092,L12312
005001.000093,L12312
005001.000094,L12312
005001.000095,L12312
005001.000096,L12312
005001.000097,L12312
005001.000098,L12312
005001.000099,L12312
005001.000100,L12312
005001.000101,L12312
005001.Lim002,L12312
005001.Lim003,L12312
005001.Lim004,L12312
005001.Lim005,L12312
005001.000106,L12312
005001.000115,L12312
005001.000116,L12312
005001.000107,L12312
005001.000108,L12312
005001.000109,L12312
005001.000110,L12312
005001.000111,L12312
005001.Lim006,L12312
005001.000112,L12312
005001.Lim007,L12312
005002.000001,L12120
005002.000002,L12120
005002.000003,L12120
005002.000004,L12120
005002.000005,L12120
005002.000006,L12120
005002.000007,L12120
005002.000008,L12120
005002.000009,L12120
005002.000010,L12120
005002.000011,L12120
005002.000012,L12120
005002.000013,L12120
005002.000014,L12120
005002.000015,L12120
005002.000016,L12120
005002.000017,L12120
005002.000019,L12120
005002.000018,L12120
005002.000020,L12120
005002.000021,L12120
005002.000022,L12120
005002.000023,L12120
005002.000026,L12120
005002.000025,L12120
005002.000024,L12120
005002.000028,L12120
005002.000029,L12120
005002.000027,L12120
005002.000031,L12120
005002.000030,L12120
005002.000032,L12120
005002.000033,L12120
005002.000034,L12120
005002.000035,L12120
005002.000036,L12120
005002.000037,L12120
005002.000038,L12120
005002.000039,L12120
005002.000040,L12120
005002.000041,L12120
005002.000042,L12120
005002.000043,L12120
005002.000046,L12120
005002.000044,L12120
005002.000045,L12120
005002.000047,L12120
005002.000048,L12120
005002.000049,L12120
005002.000050,L12120
005002.000051,L12120
005002.000054,L12120
005002.000052,L12120
005002.000053,L12120
005002.000055,L12120
005002.000056,L12120
005002.000057,L12120
005002.000058,L12120
005002.000059,L12120
005002.000060,L12120
005002.000061,L12120
005002.000062,L12120
005002.000064,L12120
005002.000065,L12120
005002.000063,L12120
005002.000066,L12120
005002.000070,L12120
005002.000067,L12120
005002.000068,L12120
005002.000069,L12120
005002.000071,L12120
005002.000072,L12120
005002.000073,L12120
005002.000074,L12120
005002.000075,L12120
005002.000076,L12120
005002.000077,L12120
005002.000078,L12120
005002.000079,L12120
005002.000080,L12120
005002.000081,L12120
005002.000082,L12120
005002.000083,L12120
005002.000084,L12120
005002.000085,L12120
005002.000086,L12120
005002.000087,L12120
005002.000088,L12120
005002.000089,L12120
005002.000090,L12120
005002.000091,L12120
005002.000092,L12120
005002.000093,L12120
005002.000094,L12120
005002.000095,L12120
005002.000096,L12120
005002.000097,L12120
005002.000098,L12120
005002.000099,L12120
005002.000100,L12120
005002.000101,L12120
005002.000102,L12120
005002.000103,L12120
005002.Lim001,L12120
005002.000105,L12120
005002.000106,L12120
005002.000107,L12120
005002.000108,L12120
005002.000109,L12120
005002.000110,L12120
005002.000111,L12120
005002.000112,L12120
005002.000113,L12120
005002.000114,L12120
005002.000115,L12120
005002.000116,L12120
005002.000119,L12120
005002.000118,L12120
005002.000117,L12120
005002.000120,L12120
005002.000121,L12120
005002.000122,L12120
005002.000123,L12120
005002.000124,L12120
005002.000125,L12120
005002.000126,L12120
005002.000127,L12120
005002.000128,L12120
005002.000129,L12120
005002.000130,L12120
005002.000131,L12120
005002.000132,L12120
005002.000133,L12120
005002.000134,L12120
005002.000135,L12120
005002.000136,L12120
005002.000137,L12120
005002.000138,L12120
005002.000139,L12120
005002.000140,L12120
005002.000141,L12120
005002.000142,L12120
005002.000143,L12120
005002.000144,L12120
005002.000145,L12120
005002.000146,L12120
005002.000147,L12120
005002.000148,L12120
005002.000149,L12120
005002.000150,L12120
005002.000151,L12120
005002.000152,L12120
005002.000153,L12120
005002.000154,L12120
005002.000155,L12120
005002.000156,L12120
005002.000157,L12120
006001.000001,L20057
006001.000006,L20057
006001.000006,L3172
006001.000007,L20057
006001.000007,L3172
006001.000008,L20057
006001.000009,L20057
006001.000010,L20057
006001.000011,L20057
006001.000012,L20057
006001.000013,L20057
006001.000014,L20057
006001.000014,L292
006001.000015,L20057
006001.000016,L20057
006001.000017,L20057
006001.000018,L20057
006001.000019,L20057
006001.000020,L20057
006001.000021,L20057
006001.000022,L20057
006001.000023,L20057
006001.000024,L20057
006001.000025,L20057
006001.000026,L20057
006001.000027,L20057
006001.000028,L20057
006001.000029,L20057
006001.000030,L20057
006001.000031,L20057
006001.000032,L20057
006001.000033,L20057
006001.000034,L20057
006001.000035,L20057
006001.000036,L20057
006001.000037,L20057
006001.000038,L20057
006001.000039,L20057
006001.000040,L20057
006001.000041,L20057
006001.000042,L20057
006001.000043,L20057
006001.000044,L20057
006001.000045,L20057
006001.000046,L20057
006001.000047,L20057
006001.000048,L20057
006001.000049,L20057
006001.000050,L20057
006001.000051,L20057
006001.000052,L20057
006001.000053,L20057
006001.000054,L20057
006001.000055,L20057
006001.000056,L20057
006001.000057,L20057
006001.000058,L20057
006001.000060,L20057
006001.000062,L20057
006001.000059,L20057
006001.000061,L20057
006001.000063,L20057
006001.000064,L20057
006001.000065,L20057
006001.000066,L20057
006001.000067,L20057
006001.000068,L20057
006001.000069,L20057
006001.000070,L20057
006001.000071,L20057
006001.000072,L20057
006001.000073,L20057
006001.000074,L20057
006001.000075,L20057
006001.000076,L20057
006001.000077,L20057
006001.000078,L20057
006001.000079,L20057
006001.000080,L20057
006001.000081,L20057
006001.000082,L20057
006001.000083,L20057
006001.000084,L20057
006001.000085,L20057
006001.000086,L20057
006001.000087,L20057
006001.000088,L20057
006001.000089,L20057
006001.000090,L20057
006001.000091,L20057
006001.000092,L20057
006001.000093,L20057
006001.000094,L20057
006001.000095,L20057
006001.000097,L20057
006001.000100,L20057
006001.000096,L20057
006001.000098,L20057
006001.000101,L20057
006001.000099,L20057
006001.000102,L20057
006001.000103,L20057
006001.000283,L20057
006001.000284,L20057
006001.000285,L20057
006001.000286,L20057
006001.000104,L20057
006001.000287,L20057
006001.000288,L20057
006001.000289,L20057
006001.000290,L20057
006001.000105,L20057
006001.000106,L20057
006001.000107,L20057
006001.000108,L20057
006001.000109,L20057
006001.000292,L20057
006001.000291,L20057
006001.000293,L20057
006001.000294,L20057
006001.000295,L20057
006001.000296,L20057
006001.000110,L20057
006001.000297,L20057
006001.000298,L20057
006001.000299,L20057
006001.000300,L20057
006001.000111,L20057
006001.000112,L20057
006001.000113,L20057
006001.000114,L20057
006001.000115,L20057
006001.000116,L20057
006001.000117,L20057
006001.000118,L20057
006001.000119,L20057
006001.000120,L20057
006001.000121,L20057
006001.000122,L20057
006001.000123,L20057
006001.000124,L20057
006001.000125,L20057
006001.000126,L20057
006001.000128,L20057
006001.000132,L20057
006001.000127,L20057
006001.000129,L20057
006001.000131,L20057
006001.000130,L20057
006001.000135,L20057
006001.000136,L20057
006001.000301,L20057
006001.000302,L20057
006001.000133,L20057
006001.000134,L20057
006001.000416,L20057
006001.000417,L20057
006001.000418,L20057
006001.000303,L20057
006001.000304,L20057
006001.000419,L20057
006001.000305,L20057
006001.000420,L20057
006001.000137,L20057
006001.000138,L20057
006001.000306,L20057
006001.000307,L20057
006001.000139,L20057
006001.000140,L20057
006001.000309,L20057
006001.000308,L20057
006001.000141,L20057
006001.000421,L20057
006001.000422,L20057
006001.000423,L20057
006001.000310,L20057
006001.000142,L20057
006001.000145,L20057
006001.000146,L20057
006001.000311,L20057
006001.000424,L20057
006001.000425,L20057
006001.000312,L20057
006001.000313,L20057
006001.000426,L20057
006001.000427,L20057
006001.000314,L20057
006001.000315,L20057
006001.000428,L20057
006001.000143,L20057
006001.000144,L20057
006001.000317,L20057
006001.000316,L20057
006001.000147,L20057
006001.000148,L20057
006001.000149,L20057
006001.000150,L20057
006001.000151,L20057
006001.000152,L20057
006001.000153,L20057
006001.000154,L20057
006001.000155,L20057
006001.000156,L20057
006001.000159,L20057
006001.000157,L20057
006001.000161,L20057
006001.000158,L20057
006001.000160,L20057
006001.000318,L20057
006001.000162,L20057
006001.000320,L20057
006001.000319,L20057
006001.000163,L20057
006001.000167,L20057
006001.000164,L20057
006001.000168,L20057
006001.000165,L20057
006001.000166,L20057
006001.000169,L20057
006001.000170,L20057
006001.000172,L20057
006001.000321,L20057
006001.000173,L20057
006001.000171,L20057
006001.000429,L20057
006001.000430,L20057
006001.000174,L20057
006001.000322,L20057
006001.000175,L20057
006001.000176,L20057
006001.000177,L20057
006001.000179,L20057
006001.000178,L20057
006001.000180,L20057
006001.000182,L20057
006001.000181,L20057
006001.000183,L20057
006001.000184,L20057
006001.000187,L20057
006001.000185,L20057
006001.000189,L20057
006001.000186,L20057
006001.000188,L20057
006001.000190,L20057
006001.000191,L20057
006001.000324,L20057
006001.000323,L20057
006001.000325,L20057
006001.000195,L20057
006001.000192,L20057
006001.000196,L20057
006001.000193,L20057
006001.000194,L20057
006001.000197,L20057
006001.000326,L20057
006001.000198,L20057
006001.000199,L20057
006001.000431,L20057
006001.000432,L20057
006001.000433,L20057
006001.000434,L20057
006001.000201,L20057
006001.000200,L20057
006001.000435,L20057
006001.000436,L20057
006001.000202,L20057
006001.000203,L20057
006001.000204,L20057
006001.000205,L20057
006001.000206,L20057
006001.000208,L20057
006001.000207,L20057
006001.000210,L20057
006001.000327,L20057
006001.000209,L20057
006001.000328,L20057
006001.000214,L20057
006001.000211,L20057
006001.000212,L20057
006001.000213,L20057
006001.000215,L20057
006001.000216,L20057
006001.000329,L20057
006001.000330,L20057
006001.000217,L20057
006001.000218,L20057
006001.000219,L20057
006001.000331,L20057
006001.000220,L20057
006001.000332,L20057
006001.000333,L20057
006001.000004,L20057
006001.000221,L20057
006001.000005,L20057
006001.000224,L20057
006001.000222,L20057
006001.000223,L20057
006001.000225,L20057
006001.000335,L20057
006001.000334,L20057
006001.000336,L20057
006001.000226,L20057
006001.000337,L20057
006001.000227,L20057
006001.000338,L20057
006001.000339,L20057
006001.000340,L20057
006001.000228,L20057
006001.000229,L20057
006001.000230,L20057
006001.000341,L20057
006001.000231,L20057
006001.000232,L20057
006001.000344,L20057
006001.000343,L20057
006001.000342,L20057
006001.000345,L20057
006001.000346,L20057
006001.000233,L20057
006001.000347,L20057
006001.000234,L20057
006001.000349,L20057
006001.000348,L20057
006001.000235,L20057
006001.000236,L20057
006001.000350,L20057
006001.000352,L20057
006001.000351,L20057
006001.000237,L20057
006001.000353,L20057
006001.000354,L20057
006001.000238,L20057
006001.000355,L20057
006001.000239,L20057
006001.000356,L20057
006001.000357,L20057
006001.000240,L20057
006001.000358,L20057
006001.000359,L20057
006001.000360,L20057
006001.000242,L20057
006001.000241,L20057
006001.000361,L20057
006001.000244,L20057
006001.000362,L20057
006001.000363,L20057
006001.000243,L20057
006001.000365,L20057
006001.000364,L20057
006001.000366,L20057
006001.000245,L20057
006001.000246,L20057
006001.000367,L20057
006001.000368,L20057
006001.000369,L20057
006001.000370,L20057
006001.000371,L20057
006001.000247,L20057
006001.000372,L20057
006001.000249,L20057
006001.000374,L20057
006001.000373,L20057
006001.000375,L20057
006001.000376,L20057
006001.000248,L20057
006001.000250,L20057
006001.000377,L20057
006001.000379,L20057
006001.000378,L20057
006001.000251,L20057
006001.000380,L20057
006001.000381,L20057
006001.000252,L20057
006001.000253,L20057
006001.000254,L20057
006001.000382,L20057
006001.000383,L20057
006001.000255,L20057
006001.000256,L20057
006001.000257,L20057
006001.000385,L20057
006001.000384,L20057
006001.000258,L20057
006001.000260,L20057
006001.000259,L20057
006001.000261,L20057
006001.000386,L20057
006001.000387,L20057
006001.000262,L20057
006001.000263,L20057
006001.000264,L20057
006001.000388,L20057
006001.000389,L20057
006001.000265,L20057
006001.000266,L20057
006001.000267,L20057
006001.000268,L20057
006001.000269,L20057
006001.000270,L20057
006001.000271,L20057
006001.000272,L20057
006001.000273,L20057
006001.000274,L20057
006001.000275,L20057
006001.Lim001,L20057
006001.Lim002,L20057
006001.000278,L20057
006001.000279,L20057
006001.000280,L20057
006001.000437,L20057
006001.000281,L20057
006001.000390,L20057
006001.000391,L20057
006001.000392,L20057
006001.000282,L20057
006001.000393,L20057
006001.000394,L20057
006001.000395,L20057
006001.000396,L20057
006001.000397,L20057
006001.000398,L20057
006001.000399,L20057
006001.000400,L20057
006001.000401,L20057
006001.000402,L20057
006001.000403,L20057
006001.000404,L20057
006001.000405,L20057
006001.000406,L20057
006001.000407,L20057
006001.000408,L20057
006001.000409,L20057
006001.000410,L20057
006001.000411,L20057
006001.000412,L20057
006001.000413,L20057
006001.000414,L20057
006001.000415,L20057
006002.000001,L22145
006002.000001,L6720
006002.000002,L22145
006002.000002,L6720
006002.000003,L22145
006002.000003,L15072
006002.000004,L22145
006002.000004,L15072
006002.000005,L22145
006002.000005,L15072
006002.000006,L22145
006002.000006,L15072
006002.000007,L22145
006002.000007,L15072
006002.000008,L22145
006002.000008,L15072
006002.000009,L22145
006002.000009,L15072
006002.000010,L22145
006002.000010,L15072
006002.000011,L22145
006002.000011,L15072
006002.000012,L22145
006002.000012,L15072
006002.000013,L22145
006002.000013,L15072
006002.000014,L22145
006002.000014,L15072
006002.000015,L22145
006002.000015,L15072
006002.000016,L22145
006002.000016,L15072
006002.000017,L22145
006002.000017,L15072
006002.000018,L22145
006002.000018,L15072
006002.000019,L22145
006002.000019,L15072
006002.000020,L22145
006002.000020,L15072
006002.000021,L22145
006002.000021,L15072
006002.000022,L22145
006002.000022,L15072
006002.000023,L22145
006002.000023,L15072
006002.000024,L22145
006002.000024,L15072
006002.000025,L22145
006002.000026,L22145
006002.000027,L22145
006002.000027,L15072
006002.000028,L22145
006002.000028,L15072
006002.000029,L22145
006002.000030,L22145
006002.000031,L22145
006002.000032,L22145
006002.000033,L22145
006002.000034,L22145
006002.000035,L22145
006002.000036,L22145
006002.000037,L22145
006002.000038,L22145
006002.000039,L22145
006002.000040,L22145
006002.000041,L22145
006002.000042,L22145
006002.000043,L22145
006002.000044,L22145
006002.000045,L22145
006002.000046,L22145
006002.000047,L22145
006002.000048,L22145
006002.000049,L22145
006002.000050,L22145
006002.000051,L22145
006002.000052,L22145
006002.000053,L22145
006002.000054,L22145
006002.000055,L22145
006002.000056,L22145
006002.000057,L22145
006002.000058,L22145
006002.000059,L22145
006002.000060,L22145
006002.000061,L22145
006002.000062,L22145
006002.000063,L22145
006002.000064,L22145
006002.000065,L22145
006002.000066,L22145
006002.000067,L22145
006002.000068,L22145
006002.000069,L22145
006002.000070,L22145
006002.000071,L22145
006002.000072,L22145
006002.000073,L22145
006002.000398,L22145
006002.000399,L22145
006002.000432,L22145
006002.000074,L22145
006002.000075,L22145
006002.000208,L22145
006002.000209,L22145
006002.000076,L22145
006002.000077,L22145
006002.000210,L22145
006002.000211,L22145
006002.000400,L22145
006002.000401,L22145
006002.000416,L22145
006002.000417,L22145
006002.000258,L22145
006002.000259,L22145
006002.000433,L22145
006002.000260,L22145
006002.000261,L22145
006002.000212,L22145
006002.000213,L22145
006002.000214,L22145
006002.000215,L22145
006002.000216,L22145
006002.000217,L22145
006002.000402,L22145
006002.000403,L22145
006002.000418,L22145
006002.000419,L22145
006002.000262,L22145
006002.000263,L22145
006002.000382,L22145
006002.000383,L22145
006002.000218,L22145
006002.000219,L22145
006002.000220,L22145
006002.000221,L22145
006002.000404,L22145
006002.000405,L22145
006002.000420,L22145
006002.000421,L22145
006002.000264,L22145
006002.000265,L22145
006002.000230,L22145
006002.000231,L22145
006002.000240,L22145
006002.000239,L22145
006002.000254,L22145
006002.000256,L22145
006002.000406,L22145
006002.000407,L22145
006002.000422,L22145
006002.000423,L22145
006002.000266,L22145
006002.000267,L22145
006002.000222,L22145
006002.000223,L22145
006002.000246,L22145
006002.000245,L22145
006002.000390,L22145
006002.000391,L22145
006002.000408,L22145
006002.000409,L22145
006002.000424,L22145
006002.000425,L22145
006002.000233,L22145
006002.000234,L22145
006002.000386,L22145
006002.000387,L22145
006002.000392,L22145
006002.000393,L22145
006002.000410,L22145
006002.000411,L22145
006002.000426,L22145
006002.000427,L22145
006002.000236,L22145
006002.000237,L22145
006002.000252,L22145
006002.000229,L22145
006002.000394,L22145
006002.000395,L22145
006002.000412,L22145
006002.000413,L22145
006002.000428,L22145
006002.000429,L22145
006002.000268,L22145
006002.000269,L22145
006002.000384,L22145
006002.000385,L22145
006002.000388,L22145
006002.000389,L22145
006002.000396,L22145
006002.000397,L22145
006002.000415,L22145
006002.000414,L22145
006002.000431,L22145
006002.000430,L22145
006002.000078,L22145
006002.000079,L22145
006002.000080,L22145
006002.000081,L22145
006002.000082,L22145
006002.000083,L22145
006002.000084,L22145
006002.000085,L22145
006002.Lim001,L22145
006002.000087,L22145
006002.000088,L22145
006002.000089,L22145
006002.000090,L22145
006002.000091,L22145
006002.000092,L22145
006002.000093,L22145
006002.000094,L22145
006002.000095,L22145
006002.000096,L22145
006002.000097,L22145
006002.000098,L22145
006002.000099,L22145
006002.000100,L22145
006002.000101,L22145
006002.000102,L22145
006002.000103,L22145
006002.000104,L22145
006002.000105,L22145
006002.000106,L22145
006002.000107,L22145
006002.000108,L22145
006002.000257,L22145
006002.000109,L22145
006002.000270,L22145
006002.000110,L22145
006002.000111,L22145
006002.000112,L22145
006002.000113,L22145
006002.000114,L22145
006002.000115,L22145
006002.000116,L22145
006002.000117,L22145
006002.000118,L22145
006002.000119,L22145
006002.000120,L22145
006002.000121,L22145
006002.000122,L22145
006002.000123,L22145
006002.000127,L22145
006002.000124,L22145
006002.000125,L22145
006002.000126,L22145
006002.000128,L22145
006002.000129,L22145
006002.000130,L22145
006002.000131,L22145
006002.000132,L22145
006002.000133,L22145
006002.000135,L22145
006002.000134,L22145
006002.000136,L22145
006002.000137,L22145
006002.000138,L22145
006002.000139,L22145
006002.000141,L22145
006002.000140,L22145
006002.000142,L22145
006002.000143,L22145
006002.000144,L22145
006002.000145,L22145
006002.000146,L22145
006002.000147,L22145
006002.000148,L22145
006002.000149,L22145
006002.000150,L22145
006002.000151,L22145
006002.000152,L22145
006002.000153,L22145
006002.000154,L22145
006002.000271,L22145
006002.000224,L22145
006002.000225,L22145
006002.000155,L22145
006002.000156,L22145
006002.000272,L22145
006002.000157,L22145
006002.000158,L22145
006002.000159,L22145
006002.000160,L22145
006002.000226,L22145
006002.000161,L22145
006002.000162,L22145
006002.000163,L22145
006002.000164,L22145
006002.000165,L22145
006002.000166,L22145
006002.000167,L22145
006002.000171,L22145
006002.000168,L22145
006002.000169,L22145
006002.000170,L22145
006002.000172,L22145
006002.000173,L22145
006002.000174,L22145
006002.000175,L22145
006002.000177,L22145
006002.000176,L22145
006002.000178,L22145
006002.000179,L22145
006002.000180,L22145
006002.000181,L22145
006002.000183,L22145
006002.000182,L22145
006002.000184,L22145
006002.000241,L22145
006002.000242,L22145
006002.000185,L22145
006002.000186,L22145
006002.000187,L22145
006002.000273,L22145
006002.000274,L22145
006002.000227,L22145
006002.000232,L22145
006002.000188,L22145
006002.000189,L22145
006002.000190,L22145
006002.000191,L22145
006002.000275,L22145
006002.000381,L22145
006002.000228,L22145
006002.000192,L22145
006002.000277,L22145
006002.000278,L22145
006002.000279,L22145
006002.000280,L22145
006002.000281,L22145
006002.000193,L22145
006002.000194,L22145
006002.000253,L22145
006002.000255,L22145
006002.000196,L22145
006002.000199,L22145
006002.000195,L22145
006002.000197,L22145
006002.000198,L22145
006002.000200,L22145
006002.000201,L22145
006002.000202,L22145
006002.000203,L22145
006002.000206,L22145
006002.000204,L22145
006002.000207,L22145
006002.000205,L22145
006002.000284,L22145
006002.000285,L22145
006002.000286,L22145
006002.000288,L22145
006002.000289,L22145
006002.000290,L22145
006002.000291,L22145
006002.000368,L22145
006002.000352,L22145
006002.000320,L22145
006002.000283,L22145
006002.000287,L22145
006002.000276,L22145
006002.000282,L22145
006002.000294,L22145
006002.000295,L22145
006002.000296,L22145
006002.000297,L22145
006002.000371,L22145
006002.000372,L22145
006002.000373,L22145
006002.000374,L22145
006002.000292,L22145
006002.000369,L22145
006002.000370,L22145
006002.000298,L22145
006002.000299,L22145
006002.000300,L22145
006002.000301,L22145
006002.000377,L22145
006002.000378,L22145
006002.000379,L22145
006002.000380,L22145
006002.000293,L22145
006002.000375,L22145
006002.000376,L22145
006002.000302,L22145
006002.000303,L22145
006002.000309,L22145
006002.000310,L22145
006002.000311,L22145
006002.000312,L22145
006002.000313,L22145
006002.000314,L22145
006002.000315,L22145
006002.000316,L22145
006002.000317,L22145
006002.000321,L22145
006002.000322,L22145
006002.000086,L22145
006002.000325,L22145
006002.000324,L22145
006002.000327,L22145
006002.000328,L22145
006002.000238,L22145
006002.000329,L22145
006002.000330,L22145
006002.000332,L22145
006002.000333,L22145
006002.000244,L22145
006002.000334,L22145
006002.000251,L22145
006002.000248,L22145
006002.000339,L22145
006002.000340,L22145
006002.000341,L22145
006002.000342,L22145
006002.000343,L22145
006002.000344,L22145
006002.000345,L22145
006002.000346,L22145
006002.000347,L22145
006002.000348,L22145
006002.000349,L22145
006002.000350,L22145
006002.000351,L22145
006002.000353,L22145
006002.000354,L22145
006002.000355,L22145
006002.000356,L22145
006002.000357,L22145
006002.000358,L22145
006002.000359,L22145
006002.000360,L22145
006002.000361,L22145
006002.000362,L22145
006002.000363,L22145
006002.000364,L22145
006002.000365,L22145
006002.000366,L22145
006002.000367,L22145
007001.000001,L7288
007001.Lim001,L1411
007002.000001,L7288
007002.Lim001,L11770
008001.000001,L7288
008001.Lim001,L74
008001.Lim001,L3760
008002.000001,L11267
008002.Lim001,L11267
008002.Lim001,L10621
009001.000001,L3462
009001.000002,L5746
009001.000021,L484
009001.000021,L7481
009001.000021,L15138
009001.000022,L484
009001.000022,L7481
009001.000022,L477
009001.000022,L15138
009001.000115,L484
009001.000115,L7481
009001.000115,L15138
009001.000116,L484
009001.000116,L7481
009001.000116,L15138
009001.Lim001,L7481
009001.Lim001,L526
009002.000001,L3462
009002.Lim001,L369
010001.000001,L8826
010001.000002,L8826c189
010001.000003,L8826c189
010001.000004,L8826c189
010001.000005,L8826c189
010001.000006,L8826c189
010001.000013,L8826c189
010001.000007,L8826
010001.000008,L8826c189
010001.000009,L8826c189
010001.000010,L8826c189
010001.000011,L8826c189
010001.000012,L8826c189
010001.000014,L8826c189
010001.000015,L8826c189
010001.000016,L8826c189
010001.000017,L8826c189
010001.000018,L8826c189
010001.000019,L8826c189
010001.000020,L8826c189
010001.000021,L8826c189
010001.000022,L8826
010001.000023,L8826c189
010001.000024,L8826c189
010001.000025,L8826c189
010001.000026,L8826c189
010001.000027,L8826
010001.000028,L8826
010001.000029,L8826c189
010001.000030,L8826c189
010001.000031,L8826c189
010001.000032,L8826
010001.000037,L8826
010001.000033,L8826
010001.000034,L8826
010001.000035,L8826
010001.000036,L8826
010001.000038,L8826
010001.000040,L8826
010001.000039,L8826
010001.000041,L8826
010001.000042,L8826
010001.000043,L8826
010001.000044,L8826
010001.000045,L8826
010001.000046,L8826
010001.000047,L8826
010001.000048,L8826
010001.000049,L8826
010001.000050,L8826
010001.000051,L8826
010001.000052,L8826
010001.000053,L8826
010001.000054,L8826
010001.000055,L8826
010001.000056,L8826
010001.000057,L8826
010001.000058,L8826
010001.000059,L8826
010001.000060,L8826
010001.000061,L8826
010001.000062,L8826
010001.000075,L8826
010001.000063,L8826
010001.000064,L8826
010001.000065,L8826
010001.000066,L8826
010001.000067,L8826
010001.000068,L8826
010001.000069,L8826
010001.000070,L8826
010001.000071,L8826
010001.000072,L8826
010001.000073,L8826
010001.000074,L8826
010001.000076,L8826
010001.000078,L8826
010001.000077,L8826
010001.000079,L8826
010001.000080,L8826
010001.000081,L8826
010001.000082,L8826
010001.000083,L8826
010001.000084,L8826
010001.000085,L8826
010001.000086,L8826
010001.000087,L8826
010001.000088,L8826
010001.000089,L8826
010001.000090,L8826
010001.000091,L8826
010001.000092,L8826
010001.000093,L8826
010001.000094,L8826
010001.000095,L8826
010001.000096,L8826
010001.000097,L8826
010001.000098,L8826
010001.000099,L8826
010001.000100,L8826
010001.000101,L8826
010001.000102,L8826
010001.000103,L8826
010001.000104,L8826
010001.000105,L8826
010001.000106,L8826
010001.000107,L8826
010001.000108,L8826
010001.000113,L8826
010001.000109,L8826
010001.000110,L8826
010001.000111,L8826
010001.000112,L8826
010001.000114,L8826
010001.000117,L8826
010001.000115,L8826
010001.000116,L8826
010001.000118,L8826
010001.000119,L8826
010001.000120,L8826
010001.000121,L8826
010001.000122,L8826
010001.000123,L8826
010001.000124,L8826
010001.000125,L8826
010001.000126,L8826
010001.000127,L8826
010001.000128,L8826
010001.000131,L8826
010001.000129,L8826
010001.000130,L8826
010001.000132,L8826
010001.000133,L8826
010001.000134,L8826
010001.000135,L8826
010001.000136,L8826
010001.000137,L8826
010001.000138,L8826
010001.000139,L8826
010001.000140,L8826
010001.000141,L8826
010001.000142,L8826
010001.000143,L8826
010001.000144,L8826
010001.000145,L8826
010001.000146,L8826
010001.000147,L8826
010001.000148,L8826
010001.000149,L8826
010001.000150,L8826
010001.000151,L8826
010001.000152,L8826
010001.000153,L8826
010001.000154,L8826
010001.000155,L8826
010001.000156,L8826
010001.000161,L8826
010001.000157,L8826
010001.000158,L8826
010001.000159,L8826
010001.000160,L8826
010001.000162,L8826
010001.000163,L8826
010001.000164,L8826
010001.000165,L8826
010001.000166,L8826
010001.000169,L8826
010001.000167,L8826
010001.000168,L8826
010001.000170,L8826
010001.000171,L8826
010001.000172,L8826
010001.000173,L8826
010001.000174,L8826
010001.000175,L8826
010001.000176,L8826
010001.000177,L8826
010001.000178,L8826
010001.000179,L8826
010001.000180,L8826
010001.000181,L8826
010001.000182,L8826
010001.000183,L8826
010001.000184,L8826
010001.000185,L8826
010001.000186,L8826
010001.000187,L8826
010001.000188,L8826
010001.000189,L8826
010001.000190,L8826
010001.000191,L8826
010001.000192,L8826
010001.000193,L8826
010001.000194,L8826
010001.000195,L8826
010001.000196,L8826
010001.000197,L8826
010001.000198,L8826
010001.000199,L8826
010001.000200,L8826
010001.000201,L8826
010001.000202,L8826
010001.000210,L8826
010001.000203,L8826
010001.000204,L8826
010001.000205,L8826
010001.000206,L8826
010001.000207,L8826
010001.000208,L8826
010001.000209,L8826
010001.000211,L8826
010001.000212,L8826
010001.000213,L8826
010001.000214,L8826
010001.000215,L8826
010001.000216,L8826
010001.000217,L8826
010001.000218,L8826
010001.000219,L8826
010001.000220,L8826
010001.000221,L8826
010001.000222,L8826
010001.000223,L8826
010001.000224,L8826
010001.000225,L8826
010001.000226,L8826
010001.000227,L8826
010001.000228,L8826
010001.000229,L8826
010001.000230,L8826
010001.000231,L8826
010001.000232,L8826
010001.000233,L8826
010001.000234,L8826
010001.000235,L8826
010001.000238,L8826
010001.000236,L8826
010001.000237,L8826
010001.000239,L8826
010001.000240,L8826
010001.000241,L8826
010001.000242,L8826
010001.000243,L8826
010001.000244,L8826
010001.000245,L8826
010001.000246,L8826
010001.000247,L8826
010001.000248,L8826
010001.000249,L8826
010001.000265,L8826
010001.000250,L8826
010001.000251,L8826
010001.000252,L8826
010001.000253,L8826
010001.000254,L8826
010001.000255,L8826
010001.000256,L8826
010001.000257,L8826
010001.000258,L8826
010001.000259,L8826
010001.000260,L8826
010001.000261,L8826
010001.000262,L8826
010001.000263,L8826
010001.000264,L8826
010001.000266,L8826
010001.000270,L8826
010001.000267,L8826
010001.000268,L8826
010001.000269,L8826
010001.000271,L8826
010001.000272,L8826
010001.000273,L8826
010001.000274,L8826
010001.000275,L8826
010001.000276,L8826
010001.000277,L8826
010001.000278,L8826
010001.000279,L8826
010001.000280,L8826
010001.000281,L8826
010001.000282,L8826
010001.000283,L8826
010001.000284,L8826
010001.000285,L8826
010001.000286,L8826
010001.000287,L8826
010001.000290,L8826
010001.000288,L8826
010001.000289,L8826
010001.000291,L8826
010001.000294,L8826
010001.000292,L8826
010001.000293,L8826
010001.000295,L8826
010001.000296,L8826
010001.000297,L8826
010001.000298,L8826
010001.000299,L8826
010001.000300,L8826
010001.000301,L8826
010001.000302,L8826
010001.000303,L8826
010001.000304,L8826
010001.000305,L8826
010001.000306,L8826
010001.000307,L8826
010001.000308,L8826
010001.000309,L8826
010001.000310,L8826
010001.000311,L8826
010001.000312,L8826
010001.000313,L8826
010001.000314,L8826
010001.000315,L8826
010001.000316,L8826
010001.000317,L8826
010001.000318,L8826
010001.000319,L8826
010001.000320,L8826
010001.000321,L8826
010001.000322,L8826
010001.000323,L8826
010001.000325,L8826
010001.000324,L8826
010001.000326,L8826
010001.000327,L8826
010001.000328,L8826
010001.000329,L8826
010001.000330,L8826
010001.000331,L8826
010001.000332,L8826
010001.000333,L8826
010001.000334,L8826
010001.000335,L8826
010001.000336,L8826
010001.000337,L8826
010001.000338,L8826
010001.000339,L8826
010001.000341,L8826
010001.000340,L8826
010001.000342,L8826
010001.000343,L8826
010001.000344,L8826
010001.000345,L8826
010001.000346,L8826
010001.000347,L8826
010001.000348,L8826
010001.Lim001,L8826
010001.Lim001,L1407
010001.000350,L8826
010001.000351,L8826
010001.000352,L8826
010001.000353,L8826
010001.000354,L8826
010001.000355,L8826
010001.000356,L8826
010001.000357,L8826
010001.000358,L8826
010001.000359,L8826
010001.000360,L8826
010001.000361,L8826
010001.000362,L8826
010001.000363,L8826
010001.000364,L8826
010001.000365,L8826
010001.000366,L8826
010001.000367,L8826
010001.000368,L8826
010001.000369,L8826
010001.000370,L8826
010001.000371,L8826
010001.000372,L8826
010001.000373,L8826
010001.000374,L8826
010001.000375,L8826
010002.000001,L9088
010002.000002,L9088
010002.000003,L9088
010002.000004,L9088
010002.000005,L9088
010002.000006,L9088
010002.000007,L9088
010002.000008,L9088
010002.000009,L9088
010002.000012,L9088
010002.000013,L9088
010002.000010,L9088
010002.000011,L9088
010002.000014,L9088
010002.000015,L9088
010002.000016,L9088
010002.000017,L9088
010002.000018,L9088
010002.000019,L9088
010002.000020,L9088
010002.000021,L9088
010002.000022,L9088
010002.000023,L9088
010002.000024,L9088
010002.000025,L9088
010002.000026,L9088
010002.000027,L9088
010002.000028,L9088
010002.000029,L9088
010002.000030,L9088
010002.000031,L9088
010002.000032,L9088
010002.000033,L9088
010002.000034,L9088
010002.000035,L9088
010002.000039,L9088
010002.000041,L9088
010002.000042,L9088
010002.000036,L9088
010002.000044,L9088
010002.000037,L9088
010002.000038,L9088
010002.000040,L9088
010002.000043,L9088
010002.000045,L9088
010002.000046,L9088
010002.000047,L9088
010002.000048,L9088
010002.000049,L9088
010002.000050,L9088
010002.000051,L9088
010002.000052,L9088
010002.000053,L9088
010002.000054,L9088
010002.000055,L9088
010002.000056,L9088
010002.000057,L9088
010002.000058,L9088
010002.000059,L9088
010002.000060,L9088
010002.000061,L9088
010002.000062,L9088
010002.000063,L9088
010002.000064,L9088
010002.000065,L9088
010002.000066,L9088
010002.000067,L9088
010002.000068,L9088
010002.000069,L9088
010002.000070,L9088
010002.000075,L9088
010002.000080,L9088
010002.000088,L9088
010002.000071,L9088
010002.000083,L9088
010002.000072,L9088
010002.000073,L9088
010002.000074,L9088
010002.000076,L9088
010002.000091,L9088
010002.000077,L9088
010002.000078,L9088
010002.000079,L9088
010002.000092,L9088
010002.000081,L9088
010002.000082,L9088
010002.000084,L9088
010002.000085,L9088
010002.000086,L9088
010002.000087,L9088
010002.000089,L9088
010002.000090,L9088
010002.000093,L9088
010002.000096,L9088
010002.000103,L9088
010002.000094,L9088
010002.000095,L9088
010002.000097,L9088
010002.000098,L9088
010002.000099,L9088
010002.000100,L9088
010002.000101,L9088
010002.000102,L9088
010002.000104,L9088
010002.000105,L9088
010002.000106,L9088
010002.000107,L9088
010002.000108,L9088
010002.000109,L9088
010002.000110,L9088
010002.000111,L9088
010002.000112,L9088
010002.000113,L9088
010002.000114,L9088
010002.000115,L9088
010002.000116,L9088
010002.000117,L9088
010002.000118,L9088
010002.000120,L9088
010002.000119,L9088
010002.000122,L9088
010002.000123,L9088
010002.000125,L9088
010002.000121,L9088
010002.000129,L9088
010002.000124,L9088
010002.000126,L9088
010002.000127,L9088
010002.000128,L9088
010002.000130,L9088
010002.000131,L9088
010002.000132,L9088
010002.000133,L9088
010002.000134,L9088
010002.000136,L9088
010002.000135,L9088
010002.000162,L9088
010002.000165,L9088
010002.000166,L9088
010002.000137,L9088
010002.000169,L9088
010002.000138,L9088
010002.000139,L9088
010002.000140,L9088
010002.000164,L9088
010002.000167,L9088
010002.000141,L9088
010002.000142,L9088
010002.000143,L9088
010002.000144,L9088
010002.000145,L9088
010002.000146,L9088
010002.000147,L9088
010002.000148,L9088
010002.000149,L9088
010002.000150,L9088
010002.000151,L9088
010002.000152,L9088
010002.000153,L9088
010002.000154,L9088
010002.000155,L9088
010002.000156,L9088
010002.000157,L9088
010002.000158,L9088
010002.000159,L9088
010002.000160,L9088
010002.000161,L9088
010002.000183,L9088
010002.000184,L9088
010002.000163,L9088
010002.000172,L9088
010002.000168,L9088
010002.000189,L9088
010002.000170,L9088
010002.000171,L9088
010002.000173,L9088
010002.000174,L9088
010002.000175,L9088
010002.000176,L9088
010002.000177,L9088
010002.000178,L9088
010002.000179,L9088
010002.000180,L9088
010002.000181,L9088
010002.000182,L9088
010002.000185,L9088
010002.000186,L9088
010002.000187,L9088
010002.000188,L9088
010002.000190,L9088
010002.000191,L9088
010002.000195,L9088
010002.000192,L9088
010002.000196,L9088
010002.000197,L9088
010002.000193,L9088
010002.000199,L9088
010002.000194,L9088
010002.000198,L9088
010002.000200,L9088
010002.000201,L9088
010002.000202,L9088
010002.000205,L9088
010002.000203,L9088
010002.000204,L9088
010002.000206,L9088
010002.000207,L9088
010002.000208,L9088
010002.000353,L12157
010002.000209,L9088
010002.000238,L9088
010002.000355,L12157
010002.000356,L12157
010002.000210,L9088
010002.000357,L12157
010002.000351,L12157
010002.000354,L12157
010002.000211,L9088
010002.000352,L12157
010002.000212,L9088
010002.000213,L9088
010002.000214,L9088
010002.000215,L9088
010002.000216,L9088
010002.000217,L9088
010002.000218,L9088
010002.000219,L9088
010002.000220,L9088
010002.000221,L9088
010002.000222,L9088
010002.000223,L9088
010002.000224,L9088
010002.000225,L9088
010002.000226,L9088
010002.000227,L9088
010002.000228,L9088
010002.000229,L9088
010002.000230,L9088
010002.000231,L9088
010002.000232,L9088
010002.000233,L9088
010002.000234,L9088
010002.000235,L9088
010002.000236,L9088
010002.000237,L9088
010002.000256,L9088
010002.000359,L12157
010002.000239,L9088
010002.000360,L12157
010002.000240,L9088
010002.000241,L9088
010002.000242,L9088
010002.000243,L9088
010002.000244,L9088
010002.000245,L9088
010002.000246,L9088
010002.000247,L9088
010002.000248,L9088
010002.000249,L9088
010002.000250,L9088
010002.000251,L9088
010002.000252,L9088
010002.000253,L9088
010002.000254,L9088
010002.000255,L9088
010002.000358,L12157
010002.000257,L9088
010002.000258,L9088
010002.000259,L9088
010002.000260,L9088
010002.000261,L9088
010002.000361,L12157
010002.000362,L12157
010002.000262,L9088
010002.000263,L9088
010002.000264,L9088
010002.000265,L9088
010002.000266,L9088
010002.000267,L9088
010002.000268,L9088
010002.000269,L9088
010002.000270,L9088
010002.000271,L9088
010002.000272,L9088
010002.000273,L9088
010002.000275,L9088
010002.000274,L9088
010002.000276,L9088
010002.000277,L9088
010002.000278,L9088
010002.000279,L9088
010002.000363,L12157
010002.000364,L12157
010002.000365,L12157
010002.000366,L12157
010002.000280,L9088
010002.000281,L9088
010002.000282,L9088
010002.000283,L9088
010002.000284,L9088
010002.000285,L9088
010002.000286,L9088
010002.000287,L9088
010002.000288,L9088
010002.000289,L9088
010002.000290,L9088
010002.000291,L9088
010002.000367,L12157
010002.000368,L12157
010002.000292,L9088
010002.000293,L9088
010002.000294,L9088
010002.000295,L9088
010002.000369,L12157
010002.000370,L12157
010002.000296,L9088
010002.000297,L9088
010002.000298,L9088
010002.000299,L9088
010002.000300,L9088
010002.000301,L9088
010002.000371,L12157
010002.000302,L9088
010002.000303,L9088
010002.000304,L9088
010002.000305,L9088
010002.000306,L9088
010002.000307,L9088
010002.000372,L12157
010002.000308,L9088
010002.000309,L9088
010002.000373,L12157
010002.000374,L12157
010002.000310,L9088
010002.000312,L9088
010002.000311,L9088
010002.000375,L12157
010002.000313,L9088
010002.000314,L9088
010002.000315,L9088
010002.000376,L12157
010002.000316,L9088
010002.000317,L9088
010002.000318,L9088
010002.000377,L12157
010002.000378,L12157
010002.000379,L12157
010002.000380,L12157
010002.000381,L12157
010002.000319,L9088
010002.000320,L9088
010002.000321,L9088
010002.000322,L9088
010002.000323,L9088
010002.000324,L9088
010002.000325,L9088
010002.000326,L9088
010002.000327,L9088
010002.000328,L9088
010002.000329,L9088
010002.000330,L9088
010002.000331,L9088
010002.000332,L9088
010002.Lim001,L1406
010002.Lim002,L9088
010002.Lim003,L9088
010002.000382,L12157
010002.000333,L9088
010002.000334,L9088
010002.000335,L9088
010002.000336,L9088
010002.000337,L9088
010002.000338,L9088
010002.000339,L9088
010002.000383,L12157
010002.000341,L9088
010002.000340,L9088
010002.000342,L9088
010002.000384,L12157
010002.000344,L9088
010002.000343,L9088
010002.000385,L12157
010002.000345,L9088
010002.Lim004,L9088
010002.Lim005,L9088
